property_code,sku_code,date,min_price,max_price
1508506,15,2026-08-27,1368,23600
1508506,38,2026-08-27,1368,23600
1508980,25,2027-08-21,2099,23600
1541487,17,2026-08-21,1571,20000
1541487,17,2026-08-30,1653,20000
1541487,18,2026-08-21,1571,20000
1541487,18,2026-08-30,1653,20000
1541487,50,2026-08-21,1571,20000
1541487,50,2026-08-30,1653,20000
1552629,27,2027-08-21,2738,23600
1552629,28,2027-08-21,2738,23600
1581295,16,2026-08-30,954,27848
1581295,23,2026-08-30,1333,27848
1581295,24,2026-08-30,1333,27848
1581295,40,2026-08-30,1333,27848
1581295,52,2026-08-30,954,27848
1581295,84,2026-08-30,1333,27848
1593220,16,2026-08-27,1300,23600
1593220,52,2026-08-27,1300,23600
1599756,25,2026-08-30,1755,27848
1599756,25,2026-11-19,1755,27848
1599756,26,2026-08-30,1755,27848
1599756,26,2026-11-19,1755,27848
1617471,27,2026-11-19,2385,23600
1617471,28,2026-11-19,2385,23600
1619637,19,2026-08-26,1622,23600
1619637,20,2026-08-26,1622,23600
1702720,21,2026-09-02,2471,23600
1702720,22,2026-09-02,2471,23600
1702720,39,2026-09-02,2471,23600
1702720,83,2026-09-02,2471,23600
1755459,21,2026-08-27,1954,23600
1755459,22,2026-08-27,1954,23600
1755459,39,2026-08-27,1954,23600
1755459,83,2026-08-27,1954,23600
1767649,17,2026-08-25,1213,23600
1767649,17,2026-08-26,1209,23600
1767649,18,2026-08-25,1213,23600
1767649,18,2026-08-26,1209,23600
1767649,19,2026-08-25,1213,23600
1767649,19,2026-08-26,1209,23600
1767649,20,2026-08-25,1213,23600
1767649,20,2026-08-26,1209,23600
1767649,50,2026-08-25,1213,23600
1767649,50,2026-08-26,1209,23600
1884844,17,2026-08-27,1113,23600
1884844,18,2026-08-27,1113,23600
1884844,50,2026-08-27,1113,23600
1896095,27,2027-08-21,1439,23600
1896095,28,2027-08-21,1439,23600
1978478,19,2026-08-27,1457,27848
1978478,20,2026-08-27,1457,27848
1978478,27,2027-08-21,1852,27848
1978478,28,2027-08-21,1852,27848
2013518,17,2026-08-27,944,23600
2013518,18,2026-08-27,944,23600
2013518,50,2026-08-27,944,23600
2014883,23,2026-09-02,1932,23600
2014883,23,2026-11-19,1932,23600
2014883,24,2026-09-02,1932,23600
2014883,24,2026-11-19,1932,23600
2014883,27,2027-08-21,2507,23600
2014883,28,2027-08-21,2507,23600
2014883,40,2026-09-02,1932,23600
2014883,40,2026-11-19,1932,23600
2017292,25,2026-11-19,1711,23600
2017292,26,2026-11-19,1711,23600
2024299,25,2027-08-21,1714,23600
2024299,26,2027-08-21,1714,23600
2024299,29,2026-08-27,2086,23600
2024299,29,2026-08-27,2086,23600
2024299,30,2026-08-27,2086,23600
2024299,30,2026-08-27,2086,23600
2024299,31,2026-08-27,2086,23600
2024299,32,2026-08-27,2086,23600
2024299,32,2026-08-27,2086,23600
2024299,33,2026-08-27,2086,23600
2024299,33,2026-08-27,2086,23600
2024299,34,2026-08-27,2086,23600
2024299,57,2026-08-27,2086,23600
2024299,58,2026-08-27,2086,23600
2024299,89,2026-08-27,2086,23600
2031351,21,2026-11-19,2145,23600
2031351,22,2026-11-19,2145,23600
2031351,39,2026-11-19,2145,23600
2031351,83,2026-11-19,2145,23600
2043614,16,2026-08-27,1409,20000
2043614,52,2026-08-27,1409,20000
2057538,19,2026-08-22,1806,23600
2057538,19,2026-08-23,1801,23600
2057538,19,2026-08-24,1792,23600
2057538,20,2026-08-22,1806,23600
2057538,20,2026-08-23,1801,23600
2057538,20,2026-08-24,1792,23600
2057538,21,2026-08-22,1806,23600
2057538,21,2026-08-23,1801,23600
2057538,21,2026-08-24,1792,23600
2057538,22,2026-08-22,1806,23600
2057538,22,2026-08-23,1801,23600
2057538,22,2026-08-24,1792,23600
2057538,35,2026-08-27,3026,23600
2057538,36,2026-08-27,3026,23600
2057538,39,2026-08-22,1806,23600
2057538,39,2026-08-23,1801,23600
2057538,39,2026-08-24,1792,23600
2057538,83,2026-08-22,1806,23600
2057538,83,2026-08-23,1801,23600
2057538,83,2026-08-24,1792,23600
2059540,23,2026-08-22,1575,23600
2059540,24,2026-08-22,1575,23600
2065763,25,2026-11-19,1762,32861
2065763,26,2026-11-19,1762,32861
2065763,55,2026-11-19,1762,32861
2065763,95,2026-11-19,1762,32861
2076663,25,2026-11-19,1339,23600
2076663,26,2026-11-19,1339,23600
2088875,17,2026-08-27,1781,23600
2088875,18,2026-08-27,1781,23600
2088875,50,2026-08-27,1781,23600
4477291,19,2026-08-30,1323,20000
4477291,19,2026-11-19,1323,20000
4477291,20,2026-08-30,1323,20000
4477291,20,2026-11-19,1323,20000
9772256,25,2026-10-30,4586,23600
9772256,25,2026-10-31,4586,23600
9772256,26,2026-10-30,4586,23600
9772256,26,2026-10-31,4586,23600
0191524,25,2026-08-27,2328,23600
0191524,26,2026-08-27,2328,23600
0191524,29,2026-08-23,2052,23600
0191524,30,2026-08-23,2052,23600
0191524,31,2026-08-23,2052,23600
0191524,57,2026-08-23,2052,23600
0242206,27,2027-08-21,3077,23600
0242206,28,2027-08-21,3077,23600
0327829,23,2026-11-01,1350,23600
0327829,23,2026-11-02,1348,23600
0327829,23,2026-11-03,1348,23600
0327829,23,2026-11-04,1348,23600
0327829,23,2026-11-05,1348,23600
0327829,23,2026-11-06,1403,23600
0327829,23,2026-11-12,1348,23600
0327829,23,2026-11-13,1403,23600
0327829,23,2026-11-18,1348,23600
0327829,23,2026-11-19,1348,23600
0327829,24,2026-11-01,1350,23600
0327829,24,2026-11-02,1348,23600
0327829,24,2026-11-03,1348,23600
0327829,24,2026-11-04,1348,23600
0327829,24,2026-11-05,1348,23600
0327829,24,2026-11-06,1403,23600
0327829,24,2026-11-12,1348,23600
0327829,24,2026-11-13,1403,23600
0327829,24,2026-11-18,1348,23600
0327829,24,2026-11-19,1348,23600
0327829,40,2026-11-01,1350,23600
0327829,40,2026-11-02,1348,23600
0327829,40,2026-11-03,1348,23600
0327829,40,2026-11-04,1348,23600
0327829,40,2026-11-05,1348,23600
0327829,40,2026-11-06,1403,23600
0327829,40,2026-11-12,1348,23600
0327829,40,2026-11-13,1403,23600
0327829,40,2026-11-18,1348,23600
0327829,40,2026-11-19,1348,23600
0395630,15,2026-08-23,1467,35400
0395630,15,2026-08-25,1454,35400
0471678,17,2026-08-25,2224,23600
0471678,18,2026-08-25,2224,23600
0471678,19,2026-08-25,2224,23600
0471678,20,2026-08-25,2224,23600
0471678,21,2026-08-27,2948,23600
0471678,22,2026-08-27,2948,23600
0471678,23,2026-08-27,2948,23600
0471678,24,2026-08-27,2948,23600
0471678,25,2026-08-27,2948,23600
0471678,26,2026-08-27,2948,23600
0471678,39,2026-08-27,2948,23600
0471678,40,2026-08-27,2948,23600
0471678,50,2026-08-25,2224,23600
0471678,51,2026-08-25,2224,23600
0471678,83,2026-08-27,2948,23600
0471678,87,2026-08-25,2224,23600
0472129,21,2026-11-19,1597,23600
0472129,21,2026-11-19,1597,23600
0472129,22,2026-11-19,1597,23600
0472129,22,2026-11-19,1597,23600
0472129,23,2026-11-19,1597,23600
0472129,23,2026-11-19,1597,23600
0472129,24,2026-11-19,1597,23600
0472129,24,2026-11-19,1597,23600
0472129,35,2026-10-30,2857,23600
0472129,35,2026-10-31,2857,23600
0472129,36,2026-10-30,2857,23600
0472129,36,2026-10-31,2857,23600
0472129,39,2026-11-19,1597,23600
0472129,40,2026-11-19,1597,23600
0472129,83,2026-11-19,1597,23600
1125927,42,2026-09-11,2133,23600
1125927,42,2026-09-18,2133,23600
1125927,43,2026-09-11,2133,23600
1125927,43,2026-09-18,2133,23600
1125927,44,2026-09-11,2133,23600
1125927,44,2026-09-18,2133,23600
1136293,19,2026-08-27,1498,23600
1136293,20,2026-08-27,1498,23600
1136669,27,2026-08-30,2169,23600
1136669,27,2026-08-31,2169,23600
1136669,28,2026-08-30,2169,23600
1136669,28,2026-08-31,2169,23600
1137116,17,2026-08-24,1025,23600
1137116,17,2026-08-25,1026,23600
1137116,17,2026-08-26,1083,23600
1137116,18,2026-08-24,1025,23600
1137116,18,2026-08-25,1026,23600
1137116,18,2026-08-26,1083,23600
1137116,19,2026-08-21,1114,23600
1137116,20,2026-08-21,1114,23600
1137116,50,2026-08-24,1025,23600
1137116,50,2026-08-25,1026,23600
1137116,50,2026-08-26,1083,23600
1148276,25,2026-08-28,2590,20000
1148276,25,2026-08-29,2590,20000
1148276,26,2026-08-28,2590,20000
1148276,26,2026-08-29,2590,20000
1161560,23,2026-08-22,1647,23600
1161560,24,2026-08-22,1647,23600
1167277,17,2026-09-01,1238,23600
1167277,17,2026-09-02,1238,23600
1167277,17,2026-09-03,1238,23600
1167277,18,2026-09-01,1238,23600
1167277,18,2026-09-02,1238,23600
1167277,18,2026-09-03,1238,23600
1167277,19,2026-09-01,1307,23600
1167277,19,2026-09-02,1307,23600
1167277,19,2026-09-03,1307,23600
1167277,20,2026-09-01,1307,23600
1167277,20,2026-09-02,1307,23600
1167277,20,2026-09-03,1307,23600
1167277,50,2026-09-01,1238,23600
1167277,50,2026-09-02,1238,23600
1167277,50,2026-09-03,1238,23600
1193381,27,2026-11-19,2918,23600
1193381,28,2026-11-19,2918,23600
1197891,19,2026-08-27,1766,23600
1197891,20,2026-08-27,1766,23600
1229511,17,2026-08-21,968,23600
1229511,18,2026-08-21,968,23600
1229511,19,2026-08-25,1045,23600
1229511,20,2026-08-25,1045,23600
1229511,50,2026-08-21,968,23600
1229511,51,2026-08-25,1045,23600
1229511,87,2026-08-21,968,23600
1234388,21,2026-08-27,2067,27848
1234388,22,2026-08-27,2067,27848
1234388,39,2026-08-27,2067,27848
1234388,83,2026-08-27,2067,27848
1241638,25,2027-08-21,2732,23600
1241638,26,2027-08-21,2732,23600
1253600,23,2026-08-29,1931,23600
1253600,24,2026-08-29,1931,23600
1256474,19,2026-08-29,1336,23600
1256474,21,2026-08-29,1370,23600
1256474,22,2026-08-29,1370,23600
1256474,39,2026-08-29,1370,23600
1257158,17,2026-08-27,1209,23600
1257158,18,2026-08-27,1209,23600
1257158,21,2026-08-21,1666,23600
1257158,22,2026-08-21,1666,23600
1257158,39,2026-08-21,1666,23600
1257158,50,2026-08-27,1209,23600
1257158,83,2026-08-21,1666,23600
1257158,87,2026-08-27,1209,23600
1319620,23,2026-08-27,1468,23600
1319620,24,2026-08-27,1468,23600
1362285,23,2026-08-27,1633,23600
1362285,24,2026-08-27,1633,23600
1362285,40,2026-08-27,1633,23600
1368078,19,2026-08-27,1765,23600
1368078,20,2026-08-27,1765,23600
1373375,19,2026-08-27,2199,23600
1373375,20,2026-08-27,2199,23600
1373375,25,2027-08-21,2537,23600
1373375,26,2027-08-21,2537,23600
1373375,51,2026-08-27,2199,23600
1395021,17,2026-08-25,1342,23600
1395021,17,2026-08-26,1343,23600
1395021,18,2026-08-25,1342,23600
1395021,18,2026-08-26,1343,23600
1395021,50,2026-08-25,1342,23600
1395021,50,2026-08-26,1343,23600
1433791,23,2026-08-27,2555,23600
1433791,24,2026-08-27,2555,23600
1433791,40,2026-08-27,2555,23600
1434999,17,2026-08-27,1849,23600
1434999,18,2026-08-27,1849,23600
1434999,50,2026-08-27,1849,23600
1434999,87,2026-08-27,1849,23600
1453534,23,2026-08-21,2008,23600
1453534,24,2026-08-21,2008,23600
1453534,27,2026-08-24,2266,23600
1453534,27,2026-08-25,2266,23600
1453534,28,2026-08-24,2266,23600
1453534,28,2026-08-25,2266,23600
1453534,40,2026-08-21,2008,23600
1462197,32,2026-09-04,2351,23600
1462197,33,2026-09-04,2351,23600
1462197,34,2026-09-04,2351,23600
1462197,58,2026-09-04,2351,23600
1472376,27,2026-08-26,2174,23600
1472376,28,2026-08-26,2174,23600
1472508,17,2026-11-19,1302,23600
1472508,18,2026-11-19,1302,23600
1472508,19,2026-11-19,1302,23600
1472508,20,2026-11-19,1302,23600
1472508,50,2026-11-19,1302,23600
1472544,45,2026-09-01,1468,23600
1472544,45,2026-09-02,1468,23600
1472544,46,2026-09-01,1468,23600
1472544,46,2026-09-02,1468,23600
1474895,17,2026-10-30,1398,23600
1474895,17,2026-10-31,1398,23600
1474895,18,2026-10-30,1398,23600
1474895,18,2026-10-31,1398,23600
1474895,19,2026-10-30,1398,23600
1474895,19,2026-10-31,1398,23600
1474895,20,2026-10-30,1398,23600
1474895,20,2026-10-31,1398,23600
1474895,50,2026-10-30,1398,23600
1474895,50,2026-10-31,1398,23600
1476116,17,2026-09-01,1460,23600
1476116,17,2026-09-02,1460,23600
1476116,17,2026-09-03,1460,23600
1476116,18,2026-09-01,1460,23600
1476116,18,2026-09-02,1460,23600
1476116,18,2026-09-03,1460,23600
1476116,19,2026-09-01,1460,23600
1476116,19,2026-09-02,1460,23600
1476116,19,2026-09-03,1460,23600
1476116,20,2026-09-01,1460,23600
1476116,20,2026-09-02,1460,23600
1476116,20,2026-09-03,1460,23600
1476116,21,2026-11-19,1736,23600
1476116,22,2026-11-19,1736,23600
1476116,23,2026-09-01,1909,23600
1476116,23,2026-09-02,1909,23600
1476116,23,2026-09-03,1909,23600
1476116,24,2026-09-01,1909,23600
1476116,24,2026-09-02,1909,23600
1476116,24,2026-09-03,1909,23600
1476116,27,2026-10-30,2599,23600
1476116,27,2026-10-31,2599,23600
1476116,28,2026-10-30,2599,23600
1476116,28,2026-10-31,2599,23600
1476116,39,2026-11-19,1736,23600
1476116,40,2026-09-01,1909,23600
1476116,40,2026-09-02,1909,23600
1476116,40,2026-09-03,1909,23600
1476116,41,2026-10-30,2599,23600
1476116,41,2026-10-31,2599,23600
1476116,50,2026-09-01,1460,23600
1476116,50,2026-09-02,1460,23600
1476116,50,2026-09-03,1460,23600
1476116,51,2026-09-01,1460,23600
1476116,51,2026-09-02,1460,23600
1476116,51,2026-09-03,1460,23600
1476116,83,2026-11-19,1736,23600
1476116,84,2026-09-01,1909,23600
1476116,84,2026-09-02,1909,23600
1476116,84,2026-09-03,1909,23600
1476116,87,2026-09-01,1460,23600
1476116,87,2026-09-02,1460,23600
1476116,87,2026-09-03,1460,23600
1476116,97,2026-11-19,1736,23600
1479104,17,2026-08-27,1217,23600
1479104,18,2026-08-27,1217,23600
1479104,19,2026-08-27,1217,23600
1479104,20,2026-08-27,1217,23600
1479104,50,2026-08-27,1217,23600
1479104,51,2026-08-27,1217,23600
1479104,87,2026-08-27,1217,23600
1483392,21,2026-08-27,1584,27848
1483392,22,2026-08-27,1584,27848
1483392,39,2026-08-27,1584,27848
1483392,83,2026-08-27,1584,27848
1483570,19,2026-08-27,1286,23600
1483570,20,2026-08-27,1286,23600
1483570,51,2026-08-27,1286,23600
1501176,27,2027-08-21,1653,23600
1501176,28,2027-08-21,1653,23600
1535153,27,2027-08-21,2048,23600
1535153,28,2027-08-21,2048,23600
1593220,15,2026-08-27,1196,23600
1593220,38,2026-08-27,1196,23600
1597119,25,2026-11-19,1800,23600
1597119,26,2026-11-19,1800,23600
1598533,29,2026-08-27,1910,23600
1598533,30,2026-08-27,1910,23600
1598533,31,2026-08-27,1910,23600
1598533,32,2026-08-27,1996,23600
1598533,33,2026-08-27,1996,23600
1598533,34,2026-08-27,1996,23600
1598533,57,2026-08-27,1910,23600
1598533,58,2026-08-27,1996,23600
1598533,89,2026-08-27,1910,23600
1604662,35,2026-11-19,2992,20000
1604662,36,2026-11-19,2992,20000
1608379,15,2026-11-19,2431,20000
1608379,16,2026-11-19,2431,20000
1608379,38,2026-11-19,2431,20000
1608379,52,2026-11-19,2431,20000
1608379,76,2026-11-19,2431,20000
1619452,19,2026-08-27,1303,23600
1619452,20,2026-08-27,1303,23600
1619637,19,2026-08-22,1537,23600
1619637,20,2026-08-22,1537,23600
1702720,17,2026-11-19,2126,23600
1702720,18,2026-11-19,2126,23600
1702720,19,2026-11-19,2126,23600
1702720,20,2026-11-19,2126,23600
1702720,50,2026-11-19,2126,23600
1767140,25,2026-11-19,1819,23600
1767140,26,2026-11-19,1819,23600
1767649,21,2026-08-25,1558,23600
1767649,21,2026-08-26,1554,23600
1767649,22,2026-08-25,1558,23600
1767649,22,2026-08-26,1554,23600
1767649,23,2026-08-25,1558,23600
1767649,23,2026-08-26,1554,23600
1767649,24,2026-08-25,1558,23600
1767649,24,2026-08-26,1554,23600
1767649,39,2026-08-25,1558,23600
1767649,39,2026-08-26,1554,23600
1767649,40,2026-08-25,1558,23600
1767649,40,2026-08-26,1554,23600
1767649,83,2026-08-25,1558,23600
1767649,83,2026-08-26,1554,23600
1809628,42,2026-11-19,2104,23600
1809628,43,2026-11-19,2104,23600
1828376,27,2026-08-21,2018,23600
1828376,27,2026-08-22,2018,23600
1828376,27,2026-08-23,2018,23600
1828376,27,2026-08-24,2018,23600
1828376,27,2026-08-25,2018,23600
1828376,27,2026-08-26,2018,23600
1828376,28,2026-08-21,2018,23600
1828376,28,2026-08-22,2018,23600
1828376,28,2026-08-23,2018,23600
1828376,28,2026-08-24,2018,23600
1828376,28,2026-08-25,2018,23600
1828376,28,2026-08-26,2018,23600
2018414,25,2027-08-21,2654,23600
2018414,26,2027-08-21,2654,23600
2025247,27,2026-09-04,2072,23600
2025247,28,2026-09-04,2072,23600
2025675,19,2026-08-28,1509,20000
2025675,19,2026-08-29,1509,20000
2031351,19,2026-11-19,2042,23600
2031351,20,2026-11-19,2042,23600
2043614,15,2026-08-27,1340,20000
2043614,38,2026-08-27,1340,20000
2043614,76,2026-08-27,1340,20000
2057538,17,2026-08-22,1668,23600
2057538,17,2026-08-23,1663,23600
2057538,17,2026-08-24,1654,23600
2057538,18,2026-08-22,1668,23600
2057538,18,2026-08-23,1663,23600
2057538,18,2026-08-24,1654,23600
2057538,19,2026-08-25,1791,23600
2057538,20,2026-08-25,1791,23600
2057538,21,2026-08-25,1791,23600
2057538,22,2026-08-25,1791,23600
2057538,39,2026-08-25,1791,23600
2057538,50,2026-08-22,1668,23600
2057538,50,2026-08-23,1663,23600
2057538,50,2026-08-24,1654,23600
2057538,83,2026-08-25,1791,23600
2059540,21,2026-08-22,1403,23600
2059540,22,2026-08-22,1403,23600
2059540,27,2026-08-22,1403,23600
2059540,28,2026-08-22,1403,23600
2059540,39,2026-08-22,1403,23600
2063608,25,2027-08-21,1369,23600
2063608,26,2027-08-21,1369,23600
2066561,32,2026-11-19,2490,27848
2066561,33,2026-11-19,2490,27848
2066561,34,2026-11-19,2490,27848
2071224,27,2026-11-19,1688,23600
2071224,28,2026-11-19,1688,23600
9772256,27,2026-10-21,5010,23600
9772256,27,2026-10-22,5010,23600
9772256,27,2026-10-23,5010,23600
9772256,27,2026-10-24,5010,23600
9772256,27,2026-10-25,5010,23600
9772256,27,2026-11-06,5010,23600
9772256,27,2026-11-07,5010,23600
9772256,27,2026-11-08,5010,23600
9772256,27,2026-11-09,5010,23600
9772256,27,2026-11-10,5010,23600
9772256,27,2026-11-13,5010,23600
9772256,27,2026-11-14,5010,23600
9772256,27,2026-11-15,5010,23600
9772256,27,2026-11-16,5010,23600
9772256,28,2026-10-21,5010,23600
9772256,28,2026-10-22,5010,23600
9772256,28,2026-10-23,5010,23600
9772256,28,2026-10-24,5010,23600
9772256,28,2026-10-25,5010,23600
9772256,28,2026-11-06,5010,23600
9772256,28,2026-11-07,5010,23600
9772256,28,2026-11-08,5010,23600
9772256,28,2026-11-09,5010,23600
9772256,28,2026-11-10,5010,23600
9772256,28,2026-11-13,5010,23600
9772256,28,2026-11-14,5010,23600
9772256,28,2026-11-15,5010,23600
9772256,28,2026-11-16,5010,23600
9772256,29,2026-10-21,5631,23600
9772256,29,2026-10-22,5631,23600
9772256,29,2026-10-23,5631,23600
9772256,29,2026-10-24,5631,23600
9772256,29,2026-10-25,5631,23600
9772256,29,2026-11-06,5631,23600
9772256,29,2026-11-07,5631,23600
9772256,29,2026-11-08,5631,23600
9772256,29,2026-11-09,5631,23600
9772256,29,2026-11-10,5631,23600
9772256,29,2026-11-13,5631,23600
9772256,29,2026-11-14,5631,23600
9772256,29,2026-11-15,5631,23600
9772256,29,2026-11-16,5631,23600
9772256,30,2026-10-21,5631,23600
9772256,30,2026-10-22,5631,23600
9772256,30,2026-10-23,5631,23600
9772256,30,2026-10-24,5631,23600
9772256,30,2026-10-25,5631,23600
9772256,30,2026-11-06,5631,23600
9772256,30,2026-11-07,5631,23600
9772256,30,2026-11-08,5631,23600
9772256,30,2026-11-09,5631,23600
9772256,30,2026-11-10,5631,23600
9772256,30,2026-11-13,5631,23600
9772256,30,2026-11-14,5631,23600
9772256,30,2026-11-15,5631,23600
9772256,30,2026-11-16,5631,23600
9772256,31,2026-10-21,5631,23600
9772256,31,2026-10-22,5631,23600
9772256,31,2026-10-23,5631,23600
9772256,31,2026-10-24,5631,23600
9772256,31,2026-10-25,5631,23600
9772256,31,2026-11-06,5631,23600
9772256,31,2026-11-07,5631,23600
9772256,31,2026-11-08,5631,23600
9772256,31,2026-11-09,5631,23600
9772256,31,2026-11-10,5631,23600
9772256,31,2026-11-13,5631,23600
9772256,31,2026-11-14,5631,23600
9772256,31,2026-11-15,5631,23600
9772256,31,2026-11-16,5631,23600
9772256,32,2026-10-21,5631,23600
9772256,32,2026-10-22,5631,23600
9772256,32,2026-10-23,5631,23600
9772256,32,2026-10-24,5631,23600
9772256,32,2026-10-25,5631,23600
9772256,32,2026-11-06,5631,23600
9772256,32,2026-11-07,5631,23600
9772256,32,2026-11-08,5631,23600
9772256,32,2026-11-09,5631,23600
9772256,32,2026-11-10,5631,23600
9772256,32,2026-11-13,5631,23600
9772256,32,2026-11-14,5631,23600
9772256,32,2026-11-15,5631,23600
9772256,32,2026-11-16,5631,23600
9772256,33,2026-10-21,5631,23600
9772256,33,2026-10-22,5631,23600
9772256,33,2026-10-23,5631,23600
9772256,33,2026-10-24,5631,23600
9772256,33,2026-10-25,5631,23600
9772256,33,2026-11-06,5631,23600
9772256,33,2026-11-07,5631,23600
9772256,33,2026-11-08,5631,23600
9772256,33,2026-11-09,5631,23600
9772256,33,2026-11-10,5631,23600
9772256,33,2026-11-13,5631,23600
9772256,33,2026-11-14,5631,23600
9772256,33,2026-11-15,5631,23600
9772256,33,2026-11-16,5631,23600
9772256,34,2026-10-21,5631,23600
9772256,34,2026-10-22,5631,23600
9772256,34,2026-10-23,5631,23600
9772256,34,2026-10-24,5631,23600
9772256,34,2026-10-25,5631,23600
9772256,34,2026-11-06,5631,23600
9772256,34,2026-11-07,5631,23600
9772256,34,2026-11-08,5631,23600
9772256,34,2026-11-09,5631,23600
9772256,34,2026-11-10,5631,23600
9772256,34,2026-11-13,5631,23600
9772256,34,2026-11-14,5631,23600
9772256,34,2026-11-15,5631,23600
9772256,34,2026-11-16,5631,23600
9772256,35,2026-10-30,6242,23600
9772256,35,2026-10-31,6242,23600
9772256,36,2026-10-30,6242,23600
9772256,36,2026-10-31,6242,23600
9772256,37,2026-10-30,6242,23600
9772256,37,2026-10-31,6242,23600
9772256,57,2026-10-21,5631,23600
9772256,57,2026-10-22,5631,23600
9772256,57,2026-10-23,5631,23600
9772256,57,2026-10-24,5631,23600
9772256,57,2026-10-25,5631,23600
9772256,57,2026-11-06,5631,23600
9772256,57,2026-11-07,5631,23600
9772256,57,2026-11-08,5631,23600
9772256,57,2026-11-09,5631,23600
9772256,57,2026-11-10,5631,23600
9772256,57,2026-11-13,5631,23600
9772256,57,2026-11-14,5631,23600
9772256,57,2026-11-15,5631,23600
9772256,57,2026-11-16,5631,23600
9772256,58,2026-10-21,5631,23600
9772256,58,2026-10-22,5631,23600
9772256,58,2026-10-23,5631,23600
9772256,58,2026-10-24,5631,23600
9772256,58,2026-10-25,5631,23600
9772256,58,2026-11-06,5631,23600
9772256,58,2026-11-07,5631,23600
9772256,58,2026-11-08,5631,23600
9772256,58,2026-11-09,5631,23600
9772256,58,2026-11-10,5631,23600
9772256,58,2026-11-13,5631,23600
9772256,58,2026-11-14,5631,23600
9772256,58,2026-11-15,5631,23600
9772256,58,2026-11-16,5631,23600
9772256,89,2026-10-21,5631,23600
9772256,89,2026-10-22,5631,23600
9772256,89,2026-10-23,5631,23600
9772256,89,2026-10-24,5631,23600
9772256,89,2026-10-25,5631,23600
9772256,89,2026-11-06,5631,23600
9772256,89,2026-11-07,5631,23600
9772256,89,2026-11-08,5631,23600
9772256,89,2026-11-09,5631,23600
9772256,89,2026-11-10,5631,23600
9772256,89,2026-11-13,5631,23600
9772256,89,2026-11-14,5631,23600
9772256,89,2026-11-15,5631,23600
9772256,89,2026-11-16,5631,23600
0191524,32,2026-08-27,2190,23600
0191524,33,2026-08-27,2190,23600
0191524,34,2026-08-27,2190,23600
0242206,25,2026-11-19,2881,23600
1107594,27,2027-08-21,1884,23600
1107594,28,2027-08-21,1884,23600
1136293,17,2026-08-27,1429,23600
1136293,18,2026-08-27,1429,23600
1136293,50,2026-08-27,1429,23600
1136669,27,2026-08-28,2169,23600
1136669,27,2026-08-29,2169,23600
1136669,28,2026-08-28,2169,23600
1136669,28,2026-08-29,2169,23600
1137116,17,2026-08-21,1010,23600
1137116,18,2026-08-21,1010,23600
1137116,50,2026-08-21,1010,23600
1148276,25,2026-09-04,2661,20000
1148276,26,2026-09-04,2661,20000
1161560,21,2026-08-22,1561,23600
1161560,22,2026-08-22,1561,23600
1161560,23,2026-08-23,1635,23600
1161560,23,2026-08-24,1635,23600
1161560,23,2026-08-25,1635,23600
1161560,23,2026-08-27,1680,23600
1161560,24,2026-08-23,1635,23600
1161560,24,2026-08-24,1635,23600
1161560,24,2026-08-25,1635,23600
1161560,24,2026-08-27,1680,23600
1161560,39,2026-08-22,1561,23600
1165642,17,2026-08-27,1433,23600
1165642,18,2026-08-27,1433,23600
1165642,50,2026-08-27,1433,23600
1167277,17,2026-09-04,1238,23600
1167277,18,2026-09-04,1238,23600
1167277,19,2026-09-04,1307,23600
1167277,20,2026-09-04,1307,23600
1167277,50,2026-09-04,1238,23600
1168384,25,2026-08-28,1176,23600
1168384,26,2026-08-28,1176,23600
1197891,17,2026-08-27,1697,23600
1197891,18,2026-08-27,1697,23600
1197891,50,2026-08-27,1697,23600
1204840,27,2026-11-19,1769,27848
1204840,28,2026-11-19,1769,27848
1234388,19,2026-08-27,1929,27848
1244531,27,2027-08-21,3079,23600
1244531,28,2027-08-21,3079,23600
1257158,23,2026-08-28,1761,23600
1257158,23,2026-08-29,1761,23600
1257158,24,2026-08-28,1761,23600
1257158,24,2026-08-29,1761,23600
1257158,40,2026-08-28,1761,23600
1257158,40,2026-08-29,1761,23600
1265433,21,2026-08-27,1771,23600
1265433,22,2026-08-27,1771,23600
1265433,39,2026-08-27,1771,23600
1265433,83,2026-08-27,1771,23600
1307656,25,2026-08-30,990,23600
1307656,25,2026-08-31,990,23600
1307656,26,2026-08-30,990,23600
1307656,26,2026-08-31,990,23600
1319620,19,2026-08-27,1296,23600
1326972,23,2026-08-27,1193,23600
1326972,24,2026-08-27,1193,23600
1326972,40,2026-08-27,1193,23600
1362285,21,2026-08-27,1564,23600
1362285,22,2026-08-27,1564,23600
1362285,39,2026-08-27,1564,23600
1362285,83,2026-08-27,1564,23600
1368078,17,2026-08-27,1627,23600
1368078,18,2026-08-27,1627,23600
1368078,50,2026-08-27,1627,23600
1373375,16,2026-08-27,2061,23600
1395021,23,2026-08-26,1757,23600
1395021,23,2026-08-27,1757,23600
1395021,24,2026-08-26,1757,23600
1395021,24,2026-08-27,1757,23600
1395021,40,2026-08-26,1757,23600
1395021,40,2026-08-27,1757,23600
1395021,84,2026-08-26,1757,23600
1395021,84,2026-08-27,1757,23600
1396947,32,2026-08-27,2888,23600
1396947,33,2026-08-27,2888,23600
1396947,34,2026-08-27,2888,23600
1399581,27,2026-11-19,1438,27848
1399581,28,2026-11-19,1438,27848
1405295,19,2026-08-22,957,23600
1405295,19,2026-08-23,957,23600
1405295,19,2026-08-24,957,23600
1405295,19,2026-08-25,957,23600
1405295,19,2026-08-26,957,23600
1405295,20,2026-08-22,957,23600
1405295,20,2026-08-23,957,23600
1405295,20,2026-08-24,957,23600
1405295,20,2026-08-25,957,23600
1405295,20,2026-08-26,957,23600
1414523,19,2026-08-27,1271,23600
1414523,20,2026-08-27,1271,23600
1458562,19,2027-08-21,1125,20000
1458562,20,2027-08-21,1125,20000
1458562,23,2027-08-21,1401,20000
1458562,24,2027-08-21,1401,20000
1458562,40,2027-08-21,1401,20000
1462197,23,2026-09-02,1868,23600
1462197,24,2026-09-02,1868,23600
1462197,40,2026-09-02,1868,23600
1472508,17,2026-09-01,1277,23600
1472508,17,2026-09-02,1277,23600
1472508,17,2026-09-03,1277,23600
1472508,18,2026-09-01,1277,23600
1472508,18,2026-09-02,1277,23600
1472508,18,2026-09-03,1277,23600
1472508,19,2026-09-01,1277,23600
1472508,19,2026-09-02,1277,23600
1472508,19,2026-09-03,1277,23600
1472508,20,2026-09-01,1277,23600
1472508,20,2026-09-02,1277,23600
1472508,20,2026-09-03,1277,23600
1472508,50,2026-09-01,1277,23600
1472508,50,2026-09-02,1277,23600
1472508,50,2026-09-03,1277,23600
1472544,25,2026-11-19,1531,23600
1472544,26,2026-11-19,1531,23600
1473477,25,2027-08-21,1529,23600
1473477,26,2027-08-21,1529,23600
1474809,19,2026-08-26,1189,23600
1474809,20,2026-08-26,1189,23600
1474809,51,2026-08-26,1189,23600
1475870,17,2026-08-21,1560,23600
1475870,17,2026-08-22,1560,23600
1475870,18,2026-08-21,1560,23600
1475870,18,2026-08-22,1560,23600
1475870,19,2026-08-21,1560,23600
1475870,19,2026-08-22,1560,23600
1475870,20,2026-08-21,1560,23600
1475870,20,2026-08-22,1560,23600
1475870,25,2026-08-21,1560,23600
1475870,25,2026-08-22,1560,23600
1475870,26,2026-08-21,1560,23600
1475870,26,2026-08-22,1560,23600
1475870,50,2026-08-21,1560,23600
1475870,50,2026-08-22,1560,23600
1475870,51,2026-08-21,1560,23600
1475870,51,2026-08-22,1560,23600
1475965,27,2027-08-21,1673,23600
1475965,28,2027-08-21,1673,23600
1483392,19,2026-08-27,1515,27848
1483392,20,2026-08-27,1515,27848
1483392,51,2026-08-27,1515,27848
1483570,17,2026-08-27,1217,23600
1483570,18,2026-08-27,1217,23600
1483570,50,2026-08-27,1217,23600
1483570,87,2026-08-27,1217,23600
1486131,25,2027-08-21,1699,23600
1501649,25,2026-11-19,1836,20000
1501649,25,2027-08-21,1836,20000
1501649,26,2026-11-19,1836,20000
1501649,26,2027-08-21,1836,20000
1508443,25,2027-08-21,1561,23600
1508443,26,2027-08-21,1561,23600
1522037,23,2026-08-27,1606,23600
1522037,24,2026-08-27,1606,23600
1522037,40,2026-08-27,1606,23600
1541487,23,2026-11-19,2357,20000
1541487,24,2026-11-19,2357,20000
1547096,42,2027-08-21,2148,20000
1547096,43,2027-08-21,2148,20000
1555338,25,2026-11-19,2214,23600
1555338,25,2027-08-21,2214,23600
1555338,26,2026-11-19,2214,23600
1555338,26,2027-08-21,2214,23600
1581295,15,2026-08-30,954,27848
1581295,19,2026-08-30,1161,27848
1581295,20,2026-08-30,1161,27848
1581295,25,2027-08-21,1211,27848
1581295,26,2027-08-21,1211,27848
1581295,38,2026-08-30,954,27848
1593321,25,2026-11-19,1440,27848
1609002,25,2027-08-21,2191,23600
1609002,26,2027-08-21,2191,23600
1619452,17,2026-08-27,1234,23600
1619452,18,2026-08-27,1234,23600
1619452,50,2026-08-27,1234,23600
1675415,35,2026-08-23,4161,20000
1675415,35,2026-08-24,4161,20000
1675415,35,2026-08-25,4161,20000
1675415,35,2026-08-26,4161,20000
1675415,36,2026-08-23,4161,20000
1675415,36,2026-08-24,4161,20000
1675415,36,2026-08-25,4161,20000
1675415,36,2026-08-26,4161,20000
1675415,37,2026-08-23,4161,20000
1675415,37,2026-08-24,4161,20000
1675415,37,2026-08-25,4161,20000
1675415,37,2026-08-26,4161,20000
1702720,17,2026-09-02,2126,23600
1702720,17,2026-09-04,2126,23600
1702720,18,2026-09-02,2126,23600
1702720,18,2026-09-04,2126,23600
1702720,19,2026-09-02,2126,23600
1702720,19,2026-09-04,2126,23600
1702720,20,2026-09-02,2126,23600
1702720,20,2026-09-04,2126,23600
1702720,50,2026-09-02,2126,23600
1702720,50,2026-09-04,2126,23600
1755459,19,2026-08-27,1696,23600
1755459,20,2026-08-27,1696,23600
1755459,51,2026-08-27,1696,23600
1767649,27,2026-08-27,2293,23600
1767649,28,2026-08-27,2293,23600
1809628,45,2026-11-19,1931,23600
1809628,46,2026-11-19,1931,23600
1837134,27,2026-09-04,2388,23600
1837134,28,2026-09-04,2388,23600
1903843,27,2027-08-21,1847,23600
1903843,28,2027-08-21,1847,23600
2012398,19,2026-11-19,1497,23600
2012398,20,2026-11-19,1497,23600
2024299,17,2026-08-23,1396,23600
2024299,18,2026-08-23,1396,23600
2024299,19,2026-08-23,1396,23600
2024299,20,2026-08-23,1396,23600
2024299,25,2026-08-23,1396,23600
2024299,26,2026-08-23,1396,23600
2024299,50,2026-08-23,1396,23600
2024578,15,2026-10-20,1070,20000
2024578,38,2026-10-20,1070,20000
2025675,17,2026-08-28,1440,20000
2025675,17,2026-08-29,1440,20000
2025675,18,2026-08-28,1440,20000
2025675,18,2026-08-29,1440,20000
2031351,17,2026-11-19,1938,23600
2031351,18,2026-11-19,1938,23600
2031351,50,2026-11-19,1938,23600
2057538,17,2026-08-25,1653,23600
2057538,18,2026-08-25,1653,23600
2057538,32,2026-08-27,2543,23600
2057538,33,2026-08-27,2543,23600
2057538,34,2026-08-27,2543,23600
2057538,50,2026-08-25,1653,23600
2072844,23,2026-11-19,1502,23600
2072844,24,2026-11-19,1502,23600
2072844,40,2026-11-19,1502,23600
2072844,84,2026-11-19,1502,23600
2077421,23,2026-08-27,1220,23600
2077421,24,2026-08-27,1220,23600
2077421,40,2026-08-27,1220,23600
4471338,35,2026-08-27,2440,23600
4471338,36,2026-08-27,2440,23600
6473852,19,2026-11-19,1471,23600
6473852,20,2026-11-19,1471,23600
0003211,19,2026-08-27,1555,23600
0003211,20,2026-08-27,1555,23600
0191524,23,2026-08-23,1845,23600
0191524,24,2026-08-23,1845,23600
0191524,29,2026-08-27,2052,23600
0191524,30,2026-08-27,2052,23600
0191524,31,2026-08-27,2052,23600
0191524,40,2026-08-23,1845,23600
0191524,57,2026-08-27,2052,23600
0242206,27,2026-11-19,3019,23600
0242206,28,2026-11-19,3019,23600
0371149,25,2026-11-19,3143,23600
0371149,25,2027-08-21,3143,23600
0371149,26,2026-11-19,3143,23600
0371149,26,2027-08-21,3143,23600
0377366,42,2027-08-21,2651,23600
0377366,43,2027-08-21,2651,23600
0377366,44,2027-08-21,2651,23600
0395630,23,2026-08-27,2234,35400
0395630,24,2026-08-27,2234,35400
0395630,40,2026-08-27,2234,35400
0418304,25,2026-11-19,2286,23600
0418304,25,2027-08-21,2286,23600
0418304,26,2026-11-19,2286,23600
0418304,26,2027-08-21,2286,23600
1043825,19,2026-08-28,1509,23600
1043825,19,2026-08-29,1509,23600
1043825,20,2026-08-28,1509,23600
1043825,20,2026-08-29,1509,23600
1107594,27,2027-08-21,1884,20000
1107594,28,2027-08-21,1884,20000
1125927,19,2026-11-19,1136,23600
1125927,20,2026-11-19,1136,23600
1161560,21,2026-08-23,1548,23600
1161560,21,2026-08-24,1548,23600
1161560,21,2026-08-25,1548,23600
1161560,21,2026-08-27,1594,23600
1161560,22,2026-08-23,1548,23600
1161560,22,2026-08-24,1548,23600
1161560,22,2026-08-25,1548,23600
1161560,22,2026-08-27,1594,23600
1161560,39,2026-08-23,1548,23600
1161560,39,2026-08-24,1548,23600
1161560,39,2026-08-25,1548,23600
1161560,39,2026-08-27,1594,23600
1165642,15,2026-08-27,1295,23600
1165642,38,2026-08-27,1295,23600
1166122,21,2026-08-26,1569,23600
1166122,21,2026-08-27,1569,23600
1166122,22,2026-08-26,1569,23600
1166122,22,2026-08-27,1569,23600
1166122,23,2026-08-26,1569,23600
1166122,23,2026-08-27,1569,23600
1166122,24,2026-08-26,1569,23600
1166122,24,2026-08-27,1569,23600
1166122,27,2027-08-21,1962,23600
1166122,28,2027-08-21,1962,23600
1166122,39,2026-08-26,1569,23600
1166122,39,2026-08-27,1569,23600
1166122,40,2026-08-26,1569,23600
1166122,40,2026-08-27,1569,23600
1166122,83,2026-08-26,1569,23600
1166122,83,2026-08-27,1569,23600
1197891,15,2026-08-27,1524,23600
1197891,16,2026-08-27,1593,23600
1197891,38,2026-08-27,1524,23600
1209749,15,2026-10-27,1300,38776
1209749,15,2026-10-28,1300,38776
1209749,15,2026-10-29,1300,38776
1209749,15,2026-11-01,1300,38776
1209749,15,2026-11-02,1300,38776
1209749,15,2026-11-03,1300,38776
1209749,15,2026-11-04,1300,38776
1209749,15,2026-11-05,1300,38776
1209749,15,2026-11-12,1300,38776
1209749,15,2026-11-18,1300,38776
1209749,15,2026-11-19,1300,38776
1209749,16,2026-10-27,1300,38776
1209749,16,2026-10-28,1300,38776
1209749,16,2026-10-29,1300,38776
1209749,16,2026-11-01,1300,38776
1209749,16,2026-11-02,1300,38776
1209749,16,2026-11-03,1300,38776
1209749,16,2026-11-04,1300,38776
1209749,16,2026-11-05,1300,38776
1209749,16,2026-11-12,1300,38776
1209749,16,2026-11-18,1300,38776
1209749,16,2026-11-19,1300,38776
1209749,17,2026-11-19,1300,38776
1209749,18,2026-11-19,1300,38776
1209749,19,2026-11-19,1300,38776
1209749,20,2026-11-19,1300,38776
1209749,38,2026-10-27,1300,38776
1209749,38,2026-10-28,1300,38776
1209749,38,2026-10-29,1300,38776
1209749,38,2026-11-01,1300,38776
1209749,38,2026-11-02,1300,38776
1209749,38,2026-11-03,1300,38776
1209749,38,2026-11-04,1300,38776
1209749,38,2026-11-05,1300,38776
1209749,38,2026-11-12,1300,38776
1209749,38,2026-11-18,1300,38776
1209749,38,2026-11-19,1300,38776
1229511,17,2026-08-25,942,23600
1229511,18,2026-08-25,942,23600
1229511,45,2026-08-27,2466,23600
1229511,46,2026-08-27,2466,23600
1229511,50,2026-08-25,942,23600
1229511,87,2026-08-25,942,23600
1234388,17,2026-08-27,1791,27848
1234388,18,2026-08-27,1791,27848
1244531,27,2026-08-30,3045,23600
1244531,28,2026-08-30,3045,23600
1253706,23,2026-08-28,1657,23600
1253706,24,2026-08-28,1657,23600
1253706,40,2026-08-28,1657,23600
1256474,17,2026-08-29,1232,23600
1256474,18,2026-08-29,1232,23600
1257158,19,2026-08-21,1561,23600
1257158,20,2026-08-21,1561,23600
1257158,21,2026-08-28,1623,23600
1257158,21,2026-08-29,1623,23600
1257158,22,2026-08-28,1623,23600
1257158,22,2026-08-29,1623,23600
1257158,39,2026-08-28,1623,23600
1257158,39,2026-08-29,1623,23600
1257158,51,2026-08-21,1561,23600
1257158,83,2026-08-28,1623,23600
1257158,83,2026-08-29,1623,23600
1314078,16,2026-09-08,1535,23600
1314078,16,2026-09-15,1536,23600
1314078,16,2026-09-20,1535,23600
1314078,52,2026-09-08,1535,23600
1314078,52,2026-09-15,1536,23600
1314078,52,2026-09-20,1535,23600
1362285,17,2026-08-27,1426,23600
1362285,18,2026-08-27,1426,23600
1362285,19,2026-08-27,1495,23600
1362285,20,2026-08-27,1495,23600
1362285,50,2026-08-27,1426,23600
1373375,17,2026-08-27,1992,23600
1373375,18,2026-08-27,1992,23600
1373375,50,2026-08-27,1992,23600
1373375,87,2026-08-27,1992,23600
1395021,19,2026-08-24,1396,23600
1395021,20,2026-08-24,1396,23600
1395021,21,2026-08-26,1653,23600
1395021,21,2026-08-27,1653,23600
1395021,22,2026-08-26,1653,23600
1395021,22,2026-08-27,1653,23600
1395021,39,2026-08-26,1653,23600
1395021,39,2026-08-27,1653,23600
1395021,83,2026-08-26,1653,23600
1395021,83,2026-08-27,1653,23600
1395021,97,2026-08-26,1653,23600
1395021,97,2026-08-27,1653,23600
1396947,27,2026-08-27,2750,23600
1396947,28,2026-08-27,2750,23600
1405295,17,2026-08-22,871,23600
1405295,17,2026-08-23,871,23600
1405295,17,2026-08-24,871,23600
1405295,17,2026-08-25,871,23600
1405295,17,2026-08-26,871,23600
1405295,18,2026-08-22,871,23600
1405295,18,2026-08-23,871,23600
1405295,18,2026-08-24,871,23600
1405295,18,2026-08-25,871,23600
1405295,18,2026-08-26,871,23600
1405295,50,2026-08-22,871,23600
1405295,50,2026-08-23,871,23600
1405295,50,2026-08-24,871,23600
1405295,50,2026-08-25,871,23600
1405295,50,2026-08-26,871,23600
1414523,17,2026-08-27,1202,23600
1414523,18,2026-08-27,1202,23600
1414523,50,2026-08-27,1202,23600
1433791,19,2026-08-27,2279,23600
1433791,20,2026-08-27,2279,23600
1433791,21,2026-08-27,2279,23600
1433791,22,2026-08-27,2279,23600
1433791,39,2026-08-27,2279,23600
1433791,51,2026-08-27,2279,23600
1433791,83,2026-08-27,2279,23600
1453534,21,2026-08-21,1801,23600
1453534,22,2026-08-21,1801,23600
1453534,23,2026-08-23,1822,23600
1453534,23,2026-08-26,1783,23600
1453534,24,2026-08-23,1822,23600
1453534,24,2026-08-26,1783,23600
1453534,39,2026-08-21,1801,23600
1453534,40,2026-08-23,1822,23600
1453534,40,2026-08-26,1783,23600
1453534,83,2026-08-21,1801,23600
1458562,17,2027-08-21,1056,20000
1458562,18,2027-08-21,1056,20000
1458562,50,2027-08-21,1056,20000
1462197,21,2026-09-02,1764,23600
1462197,22,2026-09-02,1764,23600
1462197,29,2026-09-04,2178,23600
1462197,30,2026-09-04,2178,23600
1462197,31,2026-09-04,2178,23600
1462197,39,2026-09-02,1764,23600
1462197,57,2026-09-04,2178,23600
1462197,83,2026-09-02,1764,23600
1462197,89,2026-09-04,2178,23600
1472376,21,2026-08-26,1829,23600
1472376,22,2026-08-26,1829,23600
1472376,23,2026-08-26,1829,23600
1472376,24,2026-08-26,1829,23600
1472376,39,2026-08-26,1829,23600
1472376,40,2026-08-26,1829,23600
1472376,83,2026-08-26,1829,23600
1474809,17,2026-08-26,1102,23600
1474809,18,2026-08-26,1102,23600
1474809,50,2026-08-26,1102,23600
1474809,87,2026-08-26,1102,23600
1476116,21,2026-09-01,1736,23600
1476116,21,2026-09-02,1736,23600
1476116,21,2026-09-03,1736,23600
1476116,22,2026-09-01,1736,23600
1476116,22,2026-09-02,1736,23600
1476116,22,2026-09-03,1736,23600
1476116,39,2026-09-01,1736,23600
1476116,39,2026-09-02,1736,23600
1476116,39,2026-09-03,1736,23600
1476116,45,2026-10-30,3289,23600
1476116,45,2026-10-31,3289,23600
1476116,46,2026-10-30,3289,23600
1476116,46,2026-10-31,3289,23600
1476116,83,2026-09-01,1736,23600
1476116,83,2026-09-02,1736,23600
1476116,83,2026-09-03,1736,23600
1476116,97,2026-09-01,1736,23600
1476116,97,2026-09-02,1736,23600
1476116,97,2026-09-03,1736,23600
1477779,25,2026-10-30,1902,23600
1477779,25,2026-10-31,1902,23600
1477779,26,2026-10-30,1902,23600
1477779,26,2026-10-31,1902,23600
1484845,19,2026-08-27,1599,23600
1484845,20,2026-08-27,1599,23600
1593220,27,2026-08-27,1886,23600
1593220,28,2026-08-27,1886,23600
1595502,35,2026-08-30,2052,23600
1595502,36,2026-08-30,2052,23600
1598533,23,2026-08-27,1703,23600
1598533,24,2026-08-27,1703,23600
1599756,25,2027-08-21,1688,27848
1599756,26,2027-08-21,1688,27848
1603145,19,2026-08-30,1127,23600
1603145,20,2026-08-30,1127,23600
1619637,17,2026-08-26,1415,23600
1619637,18,2026-08-26,1415,23600
1619637,50,2026-08-26,1415,23600
1675415,27,2026-08-23,3954,20000
1675415,27,2026-08-24,3954,20000
1675415,27,2026-08-25,3954,20000
1675415,27,2026-08-26,3954,20000
1675415,28,2026-08-23,3954,20000
1675415,28,2026-08-24,3954,20000
1675415,28,2026-08-25,3954,20000
1675415,28,2026-08-26,3954,20000
1755459,17,2026-08-27,1609,23600
1755459,18,2026-08-27,1609,23600
1755459,50,2026-08-27,1609,23600
1755459,87,2026-08-27,1609,23600
1837134,27,2026-11-19,2388,23600
1837134,28,2026-11-19,2388,23600
1896095,27,2027-08-21,1439,20000
1896095,28,2027-08-21,1439,20000
2012398,17,2026-11-19,1428,23600
2012398,18,2026-11-19,1428,23600
2012398,50,2026-11-19,1428,23600
2018949,25,2026-09-02,1428,23600
2018949,26,2026-09-02,1428,23600
2024299,25,2026-08-26,1378,23600
2024299,26,2026-08-26,1378,23600
2066561,17,2026-08-27,1172,27848
2066561,18,2026-08-27,1172,27848
2066561,19,2026-08-27,1172,27848
2066561,20,2026-08-27,1172,27848
2066561,21,2026-11-19,1800,27848
2066561,22,2026-11-19,1800,27848
2066561,25,2026-08-27,1172,27848
2066561,26,2026-08-27,1172,27848
2066561,39,2026-11-19,1800,27848
2066561,50,2026-08-27,1172,27848
2066561,83,2026-11-19,1800,27848
2071224,25,2026-11-19,1550,23600
2071224,26,2026-11-19,1550,23600
2072844,21,2026-11-19,1433,23600
2072844,22,2026-11-19,1433,23600
2072844,39,2026-11-19,1433,23600
2072844,83,2026-11-19,1433,23600
2072844,97,2026-11-19,1433,23600
2077421,21,2026-08-27,1151,23600
2077421,22,2026-08-27,1151,23600
2077421,27,2026-08-27,1565,23600
2077421,28,2026-08-27,1565,23600
2077421,39,2026-08-27,1151,23600
2077421,83,2026-08-27,1151,23600
2088875,25,2026-11-19,2096,23600
2088875,25,2027-08-21,2096,23600
2088875,26,2026-11-19,2096,23600
2088875,26,2027-08-21,2096,23600
3001862,25,2026-11-19,1734,23600
3001862,26,2026-11-19,1734,23600
4476459,35,2026-11-19,2641,23600
4476459,36,2026-11-19,2641,23600
4477291,23,2026-08-30,1461,20000
4477291,23,2026-11-19,1461,20000
4477291,24,2026-08-30,1461,20000
4477291,24,2026-11-19,1461,20000
0003211,17,2026-08-27,1486,23600
0003211,18,2026-08-27,1486,23600
0003211,50,2026-08-27,1486,23600
0191524,21,2026-08-23,1707,23600
0191524,22,2026-08-23,1707,23600
0191524,39,2026-08-23,1707,23600
0191524,83,2026-08-23,1707,23600
0395630,21,2026-08-27,2131,35400
0395630,22,2026-08-27,2131,35400
0395630,39,2026-08-27,2131,35400
0395630,83,2026-08-27,2131,35400
1043825,17,2026-08-28,1440,23600
1043825,17,2026-08-29,1440,23600
1043825,18,2026-08-28,1440,23600
1043825,18,2026-08-29,1440,23600
1136669,27,2026-09-04,2169,23600
1136669,28,2026-09-04,2169,23600
1137116,19,2026-08-27,1117,23600
1137116,20,2026-08-27,1117,23600
1148276,25,2026-08-31,2340,20000
1148276,26,2026-08-31,2340,20000
1161560,19,2026-08-22,1388,23600
1161560,20,2026-08-22,1388,23600
1161560,23,2026-08-21,1590,23600
1161560,24,2026-08-21,1590,23600
1245526,27,2027-08-21,2663,23600
1245526,28,2027-08-21,2663,23600
1253706,21,2026-08-28,1588,23600
1253706,22,2026-08-28,1588,23600
1253706,39,2026-08-28,1588,23600
1253706,83,2026-08-28,1588,23600
1307656,25,2027-08-21,1010,23600
1307656,26,2027-08-21,1010,23600
1314078,15,2026-09-08,1431,23600
1314078,15,2026-09-15,1433,23600
1314078,15,2026-09-20,1431,23600
1314078,16,2026-08-21,1523,23600
1314078,16,2026-08-22,1519,23600
1314078,16,2026-08-23,1520,23600
1314078,16,2026-08-24,1519,23600
1314078,16,2026-08-25,1518,23600
1314078,16,2026-08-26,1518,23600
1314078,16,2026-08-27,1518,23600
1314078,16,2026-08-28,1518,23600
1314078,16,2026-08-29,1518,23600
1314078,16,2026-08-30,1518,23600
1314078,16,2026-08-31,1518,23600
1314078,16,2026-09-01,1518,23600
1314078,16,2026-09-09,1518,23600
1314078,16,2026-09-10,1518,23600
1314078,16,2026-09-16,1518,23600
1314078,16,2026-09-17,1518,23600
1314078,16,2026-10-06,1518,23600
1314078,16,2026-10-07,1518,23600
1314078,16,2026-10-08,1518,23600
1314078,38,2026-09-08,1431,23600
1314078,38,2026-09-15,1433,23600
1314078,38,2026-09-20,1431,23600
1314078,52,2026-08-21,1523,23600
1314078,52,2026-08-22,1519,23600
1314078,52,2026-08-23,1520,23600
1314078,52,2026-08-24,1519,23600
1314078,52,2026-08-25,1518,23600
1314078,52,2026-08-26,1518,23600
1314078,52,2026-08-27,1518,23600
1314078,52,2026-08-28,1518,23600
1314078,52,2026-08-29,1518,23600
1314078,52,2026-08-30,1518,23600
1314078,52,2026-08-31,1518,23600
1314078,52,2026-09-01,1518,23600
1314078,52,2026-09-09,1518,23600
1314078,52,2026-09-10,1518,23600
1314078,52,2026-09-16,1518,23600
1314078,52,2026-09-17,1518,23600
1314078,52,2026-10-06,1518,23600
1314078,52,2026-10-07,1518,23600
1314078,52,2026-10-08,1518,23600
1314078,76,2026-09-08,1431,23600
1314078,76,2026-09-15,1433,23600
1314078,76,2026-09-20,1431,23600
1326972,21,2026-08-27,1090,23600
1326972,22,2026-08-27,1090,23600
1326972,39,2026-08-27,1090,23600
1326972,83,2026-08-27,1090,23600
1362285,16,2026-08-27,1392,23600
1362285,52,2026-08-27,1392,23600
1373375,15,2026-08-27,1854,23600
1373375,38,2026-08-27,1854,23600
1395021,17,2026-08-24,1293,23600
1395021,18,2026-08-24,1293,23600
1395021,50,2026-08-24,1293,23600
1396947,23,2026-08-27,2543,23600
1396947,24,2026-08-27,2543,23600
1396947,25,2026-08-27,2612,23600
1396947,26,2026-08-27,2612,23600
1396947,29,2026-08-27,2543,23600
1396947,30,2026-08-27,2543,23600
1396947,31,2026-08-27,2543,23600
1396947,40,2026-08-27,2543,23600
1396947,57,2026-08-27,2543,23600
1405295,32,2026-08-21,1371,23600
1405295,32,2026-08-27,1371,23600
1405295,33,2026-08-21,1371,23600
1405295,33,2026-08-27,1371,23600
1405295,34,2026-08-21,1371,23600
1405295,34,2026-08-27,1371,23600
1414523,16,2026-08-27,1133,23600
1414523,52,2026-08-27,1133,23600
1472544,25,2026-09-01,1261,23600
1472544,25,2026-09-02,1261,23600
1472544,26,2026-09-01,1261,23600
1472544,26,2026-09-02,1261,23600
1475870,27,2026-09-04,2381,23600
1475870,28,2026-09-04,2381,23600
1477779,21,2026-10-30,1833,23600
1477779,21,2026-10-31,1833,23600
1477779,22,2026-10-30,1833,23600
1477779,22,2026-10-31,1833,23600
1477779,23,2026-10-30,1833,23600
1477779,23,2026-10-31,1833,23600
1477779,24,2026-10-30,1833,23600
1477779,24,2026-10-31,1833,23600
1477779,39,2026-10-30,1833,23600
1477779,39,2026-10-31,1833,23600
1477779,40,2026-10-30,1833,23600
1477779,40,2026-10-31,1833,23600
1477779,83,2026-10-30,1833,23600
1477779,83,2026-10-31,1833,23600
1483392,17,2026-08-27,1377,27848
1483392,18,2026-08-27,1377,27848
1483392,50,2026-08-27,1377,27848
1483392,87,2026-08-27,1377,27848
1503376,35,2027-08-21,2558,23600
1503376,36,2027-08-21,2558,23600
1507161,25,2026-11-19,1597,23600
1507161,25,2027-08-21,1597,23600
1507161,26,2026-11-19,1597,23600
1507161,26,2027-08-21,1597,23600
1508443,25,2026-11-19,1530,23600
1508443,26,2026-11-19,1530,23600
1517075,27,2027-08-21,2275,23600
1517075,28,2027-08-21,2275,23600
1541487,29,2026-11-19,2564,20000
1541487,30,2026-11-19,2564,20000
1541487,31,2026-11-19,2564,20000
1541487,57,2026-11-19,2564,20000
1598533,21,2026-08-27,1634,23600
1598533,22,2026-08-27,1634,23600
1598533,39,2026-08-27,1634,23600
1609002,25,2026-11-19,2191,23600
1609002,26,2026-11-19,2191,23600
1619637,17,2026-08-22,1330,23600
1619637,18,2026-08-22,1330,23600
1619637,50,2026-08-22,1330,23600
1675415,25,2026-08-23,3678,20000
1675415,25,2026-08-24,3678,20000
1675415,25,2026-08-25,3678,20000
1675415,25,2026-08-26,3678,20000
1675415,26,2026-08-23,3678,20000
1675415,26,2026-08-24,3678,20000
1675415,26,2026-08-25,3678,20000
1675415,26,2026-08-26,3678,20000
1675415,29,2026-08-23,3678,20000
1675415,29,2026-08-24,3678,20000
1675415,29,2026-08-25,3678,20000
1675415,29,2026-08-26,3678,20000
1675415,30,2026-08-23,3678,20000
1675415,30,2026-08-24,3678,20000
1675415,30,2026-08-25,3678,20000
1675415,30,2026-08-26,3678,20000
1675415,31,2026-08-23,3678,20000
1675415,31,2026-08-24,3678,20000
1675415,31,2026-08-25,3678,20000
1675415,31,2026-08-26,3678,20000
1675415,32,2026-08-23,3678,20000
1675415,32,2026-08-24,3678,20000
1675415,32,2026-08-25,3678,20000
1675415,32,2026-08-26,3678,20000
1675415,33,2026-08-23,3678,20000
1675415,33,2026-08-24,3678,20000
1675415,33,2026-08-25,3678,20000
1675415,33,2026-08-26,3678,20000
1675415,34,2026-08-23,3678,20000
1675415,34,2026-08-24,3678,20000
1675415,34,2026-08-25,3678,20000
1675415,34,2026-08-26,3678,20000
1675415,57,2026-08-23,3678,20000
1675415,57,2026-08-24,3678,20000
1675415,57,2026-08-25,3678,20000
1675415,57,2026-08-26,3678,20000
1675415,58,2026-08-23,3678,20000
1675415,58,2026-08-24,3678,20000
1675415,58,2026-08-25,3678,20000
1675415,58,2026-08-26,3678,20000
1675415,89,2026-08-23,3678,20000
1675415,89,2026-08-24,3678,20000
1675415,89,2026-08-25,3678,20000
1675415,89,2026-08-26,3678,20000
1767140,25,2027-08-21,1712,23600
1767140,26,2027-08-21,1712,23600
1828376,23,2026-08-21,1673,23600
1828376,23,2026-08-22,1673,23600
1828376,23,2026-08-23,1673,23600
1828376,23,2026-08-24,1673,23600
1828376,23,2026-08-25,1673,23600
1828376,23,2026-08-26,1673,23600
1828376,24,2026-08-21,1673,23600
1828376,24,2026-08-22,1673,23600
1828376,24,2026-08-23,1673,23600
1828376,24,2026-08-24,1673,23600
1828376,24,2026-08-25,1673,23600
1828376,24,2026-08-26,1673,23600
1828376,40,2026-08-21,1673,23600
1828376,40,2026-08-22,1673,23600
1828376,40,2026-08-23,1673,23600
1828376,40,2026-08-24,1673,23600
1828376,40,2026-08-25,1673,23600
1828376,40,2026-08-26,1673,23600
1921658,25,2026-08-30,2251,23600
1921658,26,2026-08-30,2251,23600
2024299,17,2026-08-24,1366,23600
2024299,17,2026-08-25,1366,23600
2024299,17,2026-08-26,1378,23600
2024299,18,2026-08-24,1366,23600
2024299,18,2026-08-25,1366,23600
2024299,18,2026-08-26,1378,23600
2024299,19,2026-08-24,1366,23600
2024299,19,2026-08-25,1366,23600
2024299,19,2026-08-26,1378,23600
2024299,20,2026-08-24,1366,23600
2024299,20,2026-08-25,1366,23600
2024299,20,2026-08-26,1378,23600
2024299,25,2026-08-24,1366,23600
2024299,25,2026-08-25,1366,23600
2024299,25,2026-09-02,1714,23600
2024299,26,2026-08-24,1366,23600
2024299,26,2026-08-25,1366,23600
2024299,26,2026-09-02,1714,23600
2024299,50,2026-08-24,1366,23600
2024299,50,2026-08-25,1366,23600
2024299,50,2026-08-26,1378,23600
2051131,27,2026-08-27,1771,23600
2051131,28,2026-08-27,1771,23600
2057538,29,2026-08-27,2336,23600
2057538,30,2026-08-27,2336,23600
2057538,31,2026-08-27,2336,23600
2057538,57,2026-08-27,2336,23600
2066561,27,2026-11-19,2145,27848
2066561,28,2026-11-19,2145,27848
2345375,27,2026-11-19,1692,23600
2345375,27,2027-08-21,1692,23600
2345375,28,2026-11-19,1692,23600
2345375,28,2027-08-21,1692,23600
0191524,19,2026-08-23,1638,23600
0191524,20,2026-08-23,1638,23600
0191524,23,2026-08-27,1845,23600
0191524,24,2026-08-27,1845,23600
0191524,40,2026-08-27,1845,23600
0191524,51,2026-08-23,1638,23600
1075048,19,2026-09-02,1305,23600
1075048,19,2026-09-04,1305,23600
1075048,19,2026-11-19,1305,23600
1075048,20,2026-09-02,1305,23600
1075048,20,2026-09-04,1305,23600
1075048,20,2026-11-19,1305,23600
1125927,24179,2026-09-11,1443,23600
1125927,24179,2026-09-18,1443,23600
1125927,29,2026-09-11,1443,23600
1125927,29,2026-09-18,1443,23600
1125927,30,2026-09-11,1443,23600
1125927,30,2026-09-18,1443,23600
1125927,31,2026-09-11,1443,23600
1125927,31,2026-09-18,1443,23600
1125927,47,2026-11-19,2412,23600
1125927,48,2026-11-19,2412,23600
1125927,57,2026-09-11,1443,23600
1125927,57,2026-09-18,1443,23600
1125927,89,2026-09-11,1443,23600
1125927,89,2026-09-18,1443,23600
1136669,27,2026-08-23,1976,23600
1136669,27,2026-08-24,1850,23600
1136669,28,2026-08-23,1976,23600
1136669,28,2026-08-24,1850,23600
1161560,17,2026-08-22,1285,23600
1161560,18,2026-08-22,1285,23600
1161560,19,2026-08-23,1376,23600
1161560,19,2026-08-24,1376,23600
1161560,19,2026-08-25,1376,23600
1161560,20,2026-08-23,1376,23600
1161560,20,2026-08-24,1376,23600
1161560,20,2026-08-25,1376,23600
1161560,21,2026-08-21,1503,23600
1161560,22,2026-08-21,1503,23600
1161560,23,2026-08-26,1635,23600
1161560,24,2026-08-26,1635,23600
1161560,39,2026-08-21,1503,23600
1161560,50,2026-08-22,1285,23600
1193381,21,2026-11-19,2228,23600
1193381,22,2026-11-19,2228,23600
1193381,23,2026-11-19,2228,23600
1193381,24,2026-11-19,2228,23600
1193381,39,2026-11-19,2228,23600
1193381,40,2026-11-19,2228,23600
1193381,83,2026-11-19,2228,23600
1204840,25,2026-11-19,1562,27848
1204840,26,2026-11-19,1562,27848
1229511,25,2026-08-27,1638,23600
1229511,26,2026-08-27,1638,23600
1247300,25,2027-08-21,1653,23600
1247300,26,2027-08-21,1653,23600
1253706,19,2026-08-28,1519,23600
1253706,20,2026-08-28,1519,23600
1253706,21,2026-08-29,1566,23600
1253706,22,2026-08-29,1566,23600
1253706,23,2026-08-29,1635,23600
1253706,24,2026-08-29,1635,23600
1253706,39,2026-08-29,1566,23600
1253706,40,2026-08-29,1635,23600
1253706,83,2026-08-29,1566,23600
1257158,17,2026-08-21,1423,23600
1257158,18,2026-08-21,1423,23600
1257158,19,2026-08-28,1518,23600
1257158,19,2026-08-29,1518,23600
1257158,20,2026-08-28,1518,23600
1257158,20,2026-08-29,1518,23600
1257158,50,2026-08-21,1423,23600
1257158,51,2026-08-28,1518,23600
1257158,51,2026-08-29,1518,23600
1257158,87,2026-08-21,1423,23600
1299383,25,2027-08-21,1423,23600
1299383,26,2027-08-21,1423,23600
1314078,15,2026-08-21,1419,23600
1314078,15,2026-08-22,1416,23600
1314078,15,2026-08-23,1417,23600
1314078,15,2026-08-24,1416,23600
1314078,15,2026-08-25,1415,23600
1314078,15,2026-08-26,1415,23600
1314078,15,2026-08-27,1415,23600
1314078,15,2026-08-28,1415,23600
1314078,15,2026-08-29,1415,23600
1314078,15,2026-08-30,1415,23600
1314078,15,2026-08-31,1415,23600
1314078,15,2026-09-01,1415,23600
1314078,15,2026-09-09,1415,23600
1314078,15,2026-09-10,1415,23600
1314078,15,2026-09-16,1415,23600
1314078,15,2026-09-17,1415,23600
1314078,15,2026-10-06,1415,23600
1314078,15,2026-10-07,1415,23600
1314078,15,2026-10-08,1415,23600
1314078,38,2026-08-21,1419,23600
1314078,38,2026-08-22,1416,23600
1314078,38,2026-08-23,1417,23600
1314078,38,2026-08-24,1416,23600
1314078,38,2026-08-25,1415,23600
1314078,38,2026-08-26,1415,23600
1314078,38,2026-08-27,1415,23600
1314078,38,2026-08-28,1415,23600
1314078,38,2026-08-29,1415,23600
1314078,38,2026-08-30,1415,23600
1314078,38,2026-08-31,1415,23600
1314078,38,2026-09-01,1415,23600
1314078,38,2026-09-09,1415,23600
1314078,38,2026-09-10,1415,23600
1314078,38,2026-09-16,1415,23600
1314078,38,2026-09-17,1415,23600
1314078,38,2026-10-06,1415,23600
1314078,38,2026-10-07,1415,23600
1314078,38,2026-10-08,1415,23600
1314078,76,2026-08-21,1419,23600
1314078,76,2026-08-22,1416,23600
1314078,76,2026-08-23,1417,23600
1314078,76,2026-08-24,1416,23600
1314078,76,2026-08-25,1415,23600
1314078,76,2026-08-26,1415,23600
1314078,76,2026-08-27,1415,23600
1314078,76,2026-08-28,1415,23600
1314078,76,2026-08-29,1415,23600
1314078,76,2026-08-30,1415,23600
1314078,76,2026-08-31,1415,23600
1314078,76,2026-09-01,1415,23600
1314078,76,2026-09-09,1415,23600
1314078,76,2026-09-10,1415,23600
1314078,76,2026-09-16,1415,23600
1314078,76,2026-09-17,1415,23600
1314078,76,2026-10-06,1415,23600
1314078,76,2026-10-07,1415,23600
1314078,76,2026-10-08,1415,23600
1362285,15,2026-08-27,1323,23600
1362285,38,2026-08-27,1323,23600
1375831,27,2026-11-19,2562,23600
1375831,27,2027-08-21,2562,23600
1375831,28,2026-11-19,2562,23600
1375831,28,2027-08-21,2562,23600
1396947,19,2026-08-27,2405,23600
1396947,20,2026-08-27,2405,23600
1396947,51,2026-08-27,2405,23600
1405295,29,2026-08-21,1285,23600
1405295,29,2026-08-27,1285,23600
1405295,30,2026-08-21,1285,23600
1405295,30,2026-08-27,1285,23600
1405295,31,2026-08-21,1285,23600
1405295,31,2026-08-27,1285,23600
1405295,35,2026-08-21,1716,23600
1405295,35,2026-08-27,1716,23600
1405295,36,2026-08-21,1716,23600
1405295,36,2026-08-27,1716,23600
1405295,57,2026-08-21,1285,23600
1405295,57,2026-08-27,1285,23600
1411710,25,2027-08-21,2008,23600
1411710,26,2027-08-21,2008,23600
1433791,17,2026-08-27,2072,23600
1433791,18,2026-08-27,2072,23600
1433791,50,2026-08-27,2072,23600
1433791,87,2026-08-27,2072,23600
1442173,25,2026-09-02,1638,23600
1442173,25,2026-09-02,1638,23600
1442173,26,2026-09-02,1638,23600
1442173,26,2026-09-02,1638,23600
1453534,21,2026-08-23,1615,23600
1453534,22,2026-08-23,1615,23600
1453534,23,2026-08-24,1783,23600
1453534,23,2026-08-25,1783,23600
1453534,24,2026-08-24,1783,23600
1453534,24,2026-08-25,1783,23600
1453534,39,2026-08-23,1615,23600
1453534,40,2026-08-24,1783,23600
1453534,40,2026-08-25,1783,23600
1453534,83,2026-08-23,1615,23600
1472544,25,2026-09-04,1466,23600
1472544,26,2026-09-04,1466,23600
1479075,25,2027-08-21,1415,23600
1479075,26,2027-08-21,1415,23600
1484845,17,2026-08-27,1461,23600
1484845,18,2026-08-27,1461,23600
1484845,50,2026-08-27,1461,23600
1593220,19,2026-08-27,1472,23600
1593220,20,2026-08-27,1472,23600
1594465,25,2027-08-21,1666,27848
1594465,26,2027-08-21,1666,27848
1598533,17,2026-08-27,1496,23600
1598533,18,2026-08-27,1496,23600
1598533,19,2026-08-27,1548,23600
1598533,20,2026-08-27,1548,23600
1598533,50,2026-08-27,1496,23600
1604662,29,2026-11-19,2440,20000
1604662,30,2026-11-19,2440,20000
1604662,31,2026-11-19,2440,20000
1604662,32,2026-11-19,2440,20000
1604662,33,2026-11-19,2440,20000
1604662,34,2026-11-19,2440,20000
1604662,57,2026-11-19,2440,20000
1675415,21,2026-08-23,3540,20000
1675415,21,2026-08-24,3540,20000
1675415,21,2026-08-25,3540,20000
1675415,21,2026-08-26,3540,20000
1675415,22,2026-08-23,3540,20000
1675415,22,2026-08-24,3540,20000
1675415,22,2026-08-25,3540,20000
1675415,22,2026-08-26,3540,20000
1675415,23,2026-08-23,3540,20000
1675415,23,2026-08-24,3540,20000
1675415,23,2026-08-25,3540,20000
1675415,23,2026-08-26,3540,20000
1675415,24,2026-08-23,3540,20000
1675415,24,2026-08-24,3540,20000
1675415,24,2026-08-25,3540,20000
1675415,24,2026-08-26,3540,20000
1675415,39,2026-08-23,3540,20000
1675415,39,2026-08-24,3540,20000
1675415,39,2026-08-25,3540,20000
1675415,39,2026-08-26,3540,20000
1675415,40,2026-08-23,3540,20000
1675415,40,2026-08-24,3540,20000
1675415,40,2026-08-25,3540,20000
1675415,40,2026-08-26,3540,20000
1675415,83,2026-08-23,3540,20000
1675415,83,2026-08-24,3540,20000
1675415,83,2026-08-25,3540,20000
1675415,83,2026-08-26,3540,20000
1766857,25,2027-08-21,2077,23600
1766857,26,2027-08-21,2077,23600
1809628,25,2027-08-21,1619,23600
1809628,26,2027-08-21,1619,23600
2072844,19,2026-11-19,1330,23600
2072844,20,2026-11-19,1330,23600
2077421,19,2026-08-27,1082,23600
2077421,20,2026-08-27,1082,23600
2089527,27,2026-11-19,1786,23600
2089527,28,2026-11-19,1786,23600
4471338,29,2026-08-27,1957,23600
4471338,30,2026-08-27,1957,23600
4471338,31,2026-08-27,1957,23600
4471338,32,2026-08-27,1957,23600
4471338,33,2026-08-27,1957,23600
4471338,34,2026-08-27,1957,23600
4471338,57,2026-08-27,1957,23600
6141453,25,2026-11-19,2022,23600
0191524,21,2026-08-27,1707,23600
0191524,22,2026-08-27,1707,23600
0191524,39,2026-08-27,1707,23600
0191524,83,2026-08-27,1707,23600
0207833,27,2026-11-19,2578,27848
0207833,28,2026-11-19,2578,27848
0471678,17,2026-08-27,2258,23600
0471678,18,2026-08-27,2258,23600
0471678,19,2026-08-27,2258,23600
0471678,20,2026-08-27,2258,23600
0471678,50,2026-08-27,2258,23600
0471678,51,2026-08-27,2258,23600
0471678,87,2026-08-27,2258,23600
0472129,32,2026-10-30,2339,23600
0472129,32,2026-10-30,2339,23600
0472129,32,2026-10-31,2339,23600
0472129,32,2026-10-31,2339,23600
0472129,33,2026-10-30,2339,23600
0472129,33,2026-10-30,2339,23600
0472129,33,2026-10-31,2339,23600
0472129,33,2026-10-31,2339,23600
0472129,34,2026-10-30,2339,23600
0472129,34,2026-10-31,2339,23600
1076395,25,2027-08-21,1600,23600
1076395,26,2027-08-21,1600,23600
1107594,25,2027-08-21,1608,23600
1125927,27,2026-11-19,1688,23600
1125927,28,2026-11-19,1688,23600
1126165,25,2026-11-19,2060,23600
1126165,26,2026-11-19,2060,23600
1137116,17,2026-08-27,1014,23600
1137116,18,2026-08-27,1014,23600
1137116,50,2026-08-27,1014,23600
1161560,17,2026-08-23,1272,23600
1161560,17,2026-08-24,1272,23600
1161560,17,2026-08-25,1272,23600
1161560,18,2026-08-23,1272,23600
1161560,18,2026-08-24,1272,23600
1161560,18,2026-08-25,1272,23600
1161560,19,2026-08-27,1421,23600
1161560,20,2026-08-27,1421,23600
1161560,21,2026-08-26,1548,23600
1161560,22,2026-08-26,1548,23600
1161560,39,2026-08-26,1548,23600
1161560,50,2026-08-23,1272,23600
1161560,50,2026-08-24,1272,23600
1161560,50,2026-08-25,1272,23600
1166122,35,2026-11-19,2354,23600
1166122,36,2026-11-19,2354,23600
1247345,27,2027-08-21,1967,23600
1247345,28,2027-08-21,1967,23600
1253706,17,2026-08-28,1450,23600
1253706,18,2026-08-28,1450,23600
1253706,19,2026-08-29,1497,23600
1253706,20,2026-08-29,1497,23600
1253706,50,2026-08-28,1450,23600
1298420,25,2027-08-21,1408,23600
1298420,26,2027-08-21,1408,23600
1395021,19,2026-08-26,1446,23600
1395021,19,2026-08-27,1446,23600
1395021,20,2026-08-26,1446,23600
1395021,20,2026-08-27,1446,23600
1396947,21,2026-08-27,2336,23600
1396947,22,2026-08-27,2336,23600
1396947,39,2026-08-27,2336,23600
1396947,83,2026-08-27,2336,23600
1414523,15,2026-08-27,1064,23600
1414523,38,2026-08-27,1064,23600
1414523,76,2026-08-27,1064,23600
1453534,21,2026-08-26,1576,23600
1453534,22,2026-08-26,1576,23600
1453534,27,2026-08-26,2266,23600
1453534,27,2026-08-27,2258,23600
1453534,28,2026-08-26,2266,23600
1453534,28,2026-08-27,2258,23600
1453534,39,2026-08-26,1576,23600
1453534,83,2026-08-26,1576,23600
1462197,23,2026-09-04,1868,23600
1462197,24,2026-09-04,1868,23600
1462197,40,2026-09-04,1868,23600
1476116,23,2026-10-30,1909,23600
1476116,23,2026-10-31,1909,23600
1476116,24,2026-10-30,1909,23600
1476116,24,2026-10-31,1909,23600
1476116,40,2026-10-30,1909,23600
1476116,40,2026-10-31,1909,23600
1476116,84,2026-10-30,1909,23600
1476116,84,2026-10-31,1909,23600
1479075,25,2026-11-19,1443,23600
1479075,26,2026-11-19,1443,23600
1486131,78,2026-11-19,1552,23600
1593220,17,2026-08-27,1369,23600
1593220,18,2026-08-27,1369,23600
1593220,50,2026-08-27,1369,23600
1675415,17,2026-08-23,3333,20000
1675415,17,2026-08-24,3333,20000
1675415,17,2026-08-25,3333,20000
1675415,17,2026-08-26,3333,20000
1675415,18,2026-08-23,3333,20000
1675415,18,2026-08-24,3333,20000
1675415,18,2026-08-25,3333,20000
1675415,18,2026-08-26,3333,20000
1675415,19,2026-08-23,3333,20000
1675415,19,2026-08-24,3333,20000
1675415,19,2026-08-25,3333,20000
1675415,19,2026-08-26,3333,20000
1675415,20,2026-08-23,3333,20000
1675415,20,2026-08-24,3333,20000
1675415,20,2026-08-25,3333,20000
1675415,20,2026-08-26,3333,20000
1675415,50,2026-08-23,3333,20000
1675415,50,2026-08-24,3333,20000
1675415,50,2026-08-25,3333,20000
1675415,50,2026-08-26,3333,20000
1675415,51,2026-08-23,3333,20000
1675415,51,2026-08-24,3333,20000
1675415,51,2026-08-25,3333,20000
1675415,51,2026-08-26,3333,20000
1675415,87,2026-08-23,3333,20000
1675415,87,2026-08-24,3333,20000
1675415,87,2026-08-25,3333,20000
1675415,87,2026-08-26,3333,20000
1828376,21,2026-08-21,1500,23600
1828376,21,2026-08-22,1500,23600
1828376,21,2026-08-23,1500,23600
1828376,21,2026-08-24,1500,23600
1828376,21,2026-08-25,1500,23600
1828376,21,2026-08-26,1500,23600
1828376,22,2026-08-21,1500,23600
1828376,22,2026-08-22,1500,23600
1828376,22,2026-08-23,1500,23600
1828376,22,2026-08-24,1500,23600
1828376,22,2026-08-25,1500,23600
1828376,22,2026-08-26,1500,23600
1828376,39,2026-08-21,1500,23600
1828376,39,2026-08-22,1500,23600
1828376,39,2026-08-23,1500,23600
1828376,39,2026-08-24,1500,23600
1828376,39,2026-08-25,1500,23600
1828376,39,2026-08-26,1500,23600
1828376,83,2026-08-21,1500,23600
1828376,83,2026-08-22,1500,23600
1828376,83,2026-08-23,1500,23600
1828376,83,2026-08-24,1500,23600
1828376,83,2026-08-25,1500,23600
1828376,83,2026-08-26,1500,23600
1837134,21,2026-09-04,1905,23600
1837134,22,2026-09-04,1905,23600
1837134,23,2026-09-04,1905,23600
1837134,24,2026-09-04,1905,23600
1837134,39,2026-09-04,1905,23600
1837134,40,2026-09-04,1905,23600
1837134,83,2026-09-04,1905,23600
2011351,25,2026-09-02,1524,23600
2011351,26,2026-09-02,1524,23600
2013841,25,2027-08-21,1286,23600
2014883,25,2026-09-02,1518,23600
2014883,26,2026-09-02,1518,23600
2024299,25,2026-08-27,1327,23600
2024299,25,2026-09-04,1791,23600
2024299,25,2026-11-19,1714,23600
2024299,26,2026-08-27,1327,23600
2024299,26,2026-09-04,1791,23600
2024299,26,2026-11-19,1714,23600
2024578,42,2026-10-20,3140,20000
2024578,43,2026-10-20,3140,20000
2024578,44,2026-10-20,3140,20000
2063608,25,2026-09-02,1300,23600
2063608,25,2026-11-19,1300,23600
2063608,26,2026-09-02,1300,23600
2063608,26,2026-11-19,1300,23600
2065763,102,2027-08-21,1900,32861
2065763,103,2027-08-21,1900,32861
2065763,104,2027-08-21,1900,32861
2071224,23,2026-11-19,1343,23600
2071224,24,2026-11-19,1343,23600
2071224,40,2026-11-19,1343,23600
2072844,17,2026-11-19,1261,23600
2072844,18,2026-11-19,1261,23600
2072844,50,2026-11-19,1261,23600
2077421,17,2026-08-27,1013,23600
2077421,18,2026-08-27,1013,23600
2077421,50,2026-08-27,1013,23600
2079707,25,2027-08-21,1428,23600
2079707,26,2027-08-21,1428,23600
4471338,27,2026-08-27,1888,23600
4471338,28,2026-08-27,1888,23600
0191524,19,2026-08-27,1638,23600
0191524,20,2026-08-27,1638,23600
0191524,51,2026-08-27,1638,23600
0256107,25,2026-09-04,1602,23600
0256107,25,2027-08-21,1447,23600
0256107,26,2026-09-04,1602,23600
0256107,26,2027-08-21,1447,23600
0371149,25,2026-08-22,2829,23600
0371149,26,2026-08-22,2829,23600
0472129,29,2026-10-30,2184,23600
0472129,29,2026-10-30,2184,23600
0472129,29,2026-10-31,2184,23600
0472129,29,2026-10-31,2184,23600
0472129,30,2026-10-30,2184,23600
0472129,30,2026-10-30,2184,23600
0472129,30,2026-10-31,2184,23600
0472129,30,2026-10-31,2184,23600
0472129,31,2026-10-30,2184,23600
0472129,31,2026-10-31,2184,23600
0472129,57,2026-10-30,2184,23600
0472129,57,2026-10-31,2184,23600
1107594,25,2027-08-21,1608,20000
1107594,27,2026-11-19,1851,23600
1107594,27,2026-11-19,1851,23600
1107594,28,2026-11-19,1851,23600
1107594,28,2026-11-19,1851,23600
1126165,17,2026-11-19,1715,23600
1126165,18,2026-11-19,1715,23600
1126165,50,2026-11-19,1715,23600
1126165,87,2026-11-19,1715,23600
1229511,23,2026-08-27,1500,23600
1229511,24,2026-08-27,1500,23600
1229511,40,2026-08-27,1500,23600
1229511,84,2026-08-27,1500,23600
1229920,42,2027-08-21,1485,23600
1229920,43,2027-08-21,1485,23600
1247300,25,2026-11-19,1620,23600
1247300,26,2026-11-19,1620,23600
1253706,17,2026-08-29,1428,23600
1253706,18,2026-08-29,1428,23600
1253706,50,2026-08-29,1428,23600
1257158,17,2026-08-28,1380,23600
1257158,17,2026-08-29,1380,23600
1257158,18,2026-08-28,1380,23600
1257158,18,2026-08-29,1380,23600
1257158,25,2027-08-21,1529,23600
1257158,26,2027-08-21,1529,23600
1257158,50,2026-08-28,1380,23600
1257158,50,2026-08-29,1380,23600
1257158,87,2026-08-28,1380,23600
1257158,87,2026-08-29,1380,23600
1298420,25,2026-11-19,1380,23600
1298420,26,2026-11-19,1380,23600
1344052,25,2026-09-04,1328,23600
1344052,26,2026-09-04,1328,23600
1396947,17,2026-08-27,2198,23600
1396947,18,2026-08-27,2198,23600
1396947,50,2026-08-27,2198,23600
1396947,87,2026-08-27,2198,23600
1405295,23,2026-08-21,1164,23600
1405295,23,2026-08-27,1164,23600
1405295,24,2026-08-21,1164,23600
1405295,24,2026-08-27,1164,23600
1405295,40,2026-08-21,1164,23600
1405295,40,2026-08-27,1164,23600
1462197,19,2026-09-02,1454,23600
1462197,20,2026-09-02,1454,23600
1462197,21,2026-09-04,1764,23600
1462197,22,2026-09-04,1764,23600
1462197,39,2026-09-04,1764,23600
1462197,83,2026-09-04,1764,23600
1475965,25,2027-08-21,1328,23600
1475965,26,2027-08-21,1328,23600
1477779,17,2026-10-30,1557,23600
1477779,17,2026-10-31,1557,23600
1477779,18,2026-10-30,1557,23600
1477779,18,2026-10-31,1557,23600
1477779,19,2026-10-30,1557,23600
1477779,19,2026-10-31,1557,23600
1477779,20,2026-10-30,1557,23600
1477779,20,2026-10-31,1557,23600
1477779,50,2026-10-30,1557,23600
1477779,50,2026-10-31,1557,23600
1477779,51,2026-10-30,1557,23600
1477779,51,2026-10-31,1557,23600
1477779,87,2026-10-30,1557,23600
1477779,87,2026-10-31,1557,23600
1541487,19,2026-11-19,1874,20000
1541487,20,2026-11-19,1874,20000
1541487,21,2026-11-19,2219,20000
1541487,22,2026-11-19,2219,20000
1541487,39,2026-11-19,2219,20000
1558817,25,2026-11-19,1826,23600
1558817,25,2027-08-21,1826,23600
1558817,26,2026-11-19,1826,23600
1558817,26,2027-08-21,1826,23600
1593220,23,2026-08-27,1541,23600
1593220,24,2026-08-27,1541,23600
1593220,40,2026-08-27,1541,23600
1809628,25,2026-11-19,1690,23600
1809628,26,2026-11-19,1690,23600
1828376,17,2026-08-21,1431,23600
1828376,17,2026-08-22,1431,23600
1828376,17,2026-08-23,1431,23600
1828376,17,2026-08-24,1431,23600
1828376,17,2026-08-25,1431,23600
1828376,17,2026-08-26,1431,23600
1828376,18,2026-08-21,1431,23600
1828376,18,2026-08-22,1431,23600
1828376,18,2026-08-23,1431,23600
1828376,18,2026-08-24,1431,23600
1828376,18,2026-08-25,1431,23600
1828376,18,2026-08-26,1431,23600
1828376,19,2026-08-21,1431,23600
1828376,19,2026-08-22,1431,23600
1828376,19,2026-08-23,1431,23600
1828376,19,2026-08-24,1431,23600
1828376,19,2026-08-25,1431,23600
1828376,19,2026-08-26,1431,23600
1828376,20,2026-08-21,1431,23600
1828376,20,2026-08-22,1431,23600
1828376,20,2026-08-23,1431,23600
1828376,20,2026-08-24,1431,23600
1828376,20,2026-08-25,1431,23600
1828376,20,2026-08-26,1431,23600
1828376,50,2026-08-21,1431,23600
1828376,50,2026-08-22,1431,23600
1828376,50,2026-08-23,1431,23600
1828376,50,2026-08-24,1431,23600
1828376,50,2026-08-25,1431,23600
1828376,50,2026-08-26,1431,23600
1837134,21,2026-11-19,1905,23600
1837134,22,2026-11-19,1905,23600
1837134,23,2026-11-19,1905,23600
1837134,24,2026-11-19,1905,23600
1837134,39,2026-11-19,1905,23600
1837134,40,2026-11-19,1905,23600
1837134,83,2026-11-19,1905,23600
1894945,35,2026-11-19,3541,23600
1894945,36,2026-11-19,3541,23600
1894945,37,2026-11-19,3541,23600
2014883,25,2027-08-21,1714,23600
2014883,26,2027-08-21,1714,23600
2015296,25,2026-09-02,1238,20000
2015296,25,2026-11-19,1238,20000
2015296,26,2026-09-02,1238,20000
2015296,26,2026-11-19,1238,20000
2051131,23,2026-08-27,1495,23600
2051131,24,2026-08-27,1495,23600
2051131,25,2026-08-27,1564,20000
2051131,26,2026-08-27,1564,20000
2051131,40,2026-08-27,1495,23600
2057538,27,2026-08-27,2410,23600
2057538,28,2026-08-27,2410,23600
2074839,42,2026-11-19,2570,20000
2074839,43,2026-11-19,2570,20000
2074839,44,2026-11-19,2570,20000
3002526,25,2027-08-21,1056,23600
3002526,26,2027-08-21,1056,23600
0395630,15,2026-08-27,1475,35400
0472129,27,2026-10-30,2115,23600
0472129,27,2026-10-31,2115,23600
0472129,28,2026-10-30,2115,23600
0472129,28,2026-10-31,2115,23600
1107594,27,2026-09-02,1851,23600
1107594,27,2026-09-02,1851,23600
1107594,28,2026-09-02,1851,23600
1107594,28,2026-09-02,1851,23600
1125927,21,2026-11-19,1343,23600
1125927,22,2026-11-19,1343,23600
1125927,39,2026-11-19,1343,23600
1125927,42,2026-11-19,2067,23600
1125927,43,2026-11-19,2067,23600
1125927,44,2026-11-19,2067,23600
1125927,83,2026-11-19,1343,23600
1161560,17,2026-08-27,1318,23600
1161560,18,2026-08-27,1318,23600
1161560,19,2026-08-21,1331,23600
1161560,20,2026-08-21,1331,23600
1161560,50,2026-08-27,1318,23600
1229511,27,2026-08-27,1983,23600
1229511,28,2026-08-27,1983,23600
1229511,41,2026-08-27,1983,23600
1247345,27,2026-11-19,1930,23600
1247345,28,2026-11-19,1930,23600
1394588,25,2027-08-21,1561,23600
1394588,26,2027-08-21,1561,23600
1395021,17,2026-08-27,1343,23600
1395021,18,2026-08-27,1343,23600
1395021,50,2026-08-27,1343,23600
1411710,25,2026-11-19,1939,23600
1411710,26,2026-11-19,1939,23600
1442173,25,2026-09-01,1518,23600
1442173,25,2026-09-01,1518,23600
1442173,25,2026-09-03,1518,23600
1442173,25,2026-09-03,1518,23600
1442173,26,2026-09-01,1518,23600
1442173,26,2026-09-01,1518,23600
1442173,26,2026-09-03,1518,23600
1442173,26,2026-09-03,1518,23600
1446609,27,2027-08-21,1578,23600
1446609,28,2027-08-21,1578,23600
1453534,21,2026-08-24,1576,23600
1453534,21,2026-08-25,1576,23600
1453534,22,2026-08-24,1576,23600
1453534,22,2026-08-25,1576,23600
1453534,39,2026-08-24,1576,23600
1453534,39,2026-08-25,1576,23600
1453534,83,2026-08-24,1576,23600
1453534,83,2026-08-25,1576,23600
1463190,27,2026-11-19,1864,23600
1463190,28,2026-11-19,1864,23600
1472508,25,2026-08-27,1213,23600
1472508,26,2026-08-27,1213,23600
1476116,21,2026-10-30,1736,23600
1476116,21,2026-10-31,1736,23600
1476116,22,2026-10-30,1736,23600
1476116,22,2026-10-31,1736,23600
1476116,39,2026-10-30,1736,23600
1476116,39,2026-10-31,1736,23600
1476116,83,2026-10-30,1736,23600
1476116,83,2026-10-31,1736,23600
1476116,97,2026-10-30,1736,23600
1476116,97,2026-10-31,1736,23600
1553264,25,2027-08-21,1929,23600
1553264,26,2027-08-21,1929,23600
1593220,21,2026-08-27,1438,23600
1593220,22,2026-08-27,1438,23600
1593220,39,2026-08-27,1438,23600
1593220,83,2026-08-27,1438,23600
1596716,27,2027-08-21,1666,23600
1596716,28,2027-08-21,1666,23600
1767649,21,2026-08-27,1603,23600
1767649,22,2026-08-27,1603,23600
1767649,23,2026-08-27,1603,23600
1767649,24,2026-08-27,1603,23600
1767649,39,2026-08-27,1603,23600
1767649,40,2026-08-27,1603,23600
1767649,83,2026-08-27,1603,23600
1828376,27,2026-08-27,2018,23600
1828376,28,2026-08-27,2018,23600
1894945,42,2027-08-21,3832,23600
1894945,43,2027-08-21,3832,23600
2019978,25,2027-08-21,2048,20000
2019978,26,2027-08-21,2048,20000
2024299,17,2026-08-27,1327,23600
2024299,18,2026-08-27,1327,23600
2024299,19,2026-08-27,1327,23600
2024299,20,2026-08-27,1327,23600
2024299,50,2026-08-27,1327,23600
2025247,23,2026-09-04,1555,23600
2025247,24,2026-09-04,1555,23600
2025247,40,2026-09-04,1555,23600
2066561,23,2026-11-19,1800,27848
2066561,24,2026-11-19,1800,27848
2066561,40,2026-11-19,1800,27848
2071224,21,2026-11-19,1274,23600
2071224,22,2026-11-19,1274,23600
2071224,39,2026-11-19,1274,23600
2071224,83,2026-11-19,1274,23600
2079707,25,2026-11-19,1428,23600
2079707,26,2026-11-19,1428,23600
0015738,25,2026-09-02,1571,23600
0015738,25,2026-11-19,1571,23600
0015738,25,2027-08-21,1571,23600
0015738,26,2026-09-02,1571,23600
0015738,26,2026-11-19,1571,23600
0015738,26,2027-08-21,1571,23600
0191524,17,2026-08-27,1500,23600
0191524,18,2026-08-27,1500,23600
0191524,50,2026-08-27,1500,23600
0191524,87,2026-08-27,1500,23600
1107594,27,2026-09-04,1851,23600
1107594,27,2026-09-04,1851,23600
1107594,28,2026-09-04,1851,23600
1107594,28,2026-09-04,1851,23600
1161560,19,2026-08-26,1376,23600
1161560,20,2026-08-26,1376,23600
1165837,25,2027-08-21,1809,23600
1165837,26,2027-08-21,1809,23600
1166122,27,2026-11-19,1962,23600
1166122,28,2026-11-19,1962,23600
1204840,45,2027-08-21,1677,27848
1204840,46,2027-08-21,1677,27848
1229511,21,2026-08-27,1397,23600
1229511,22,2026-08-27,1397,23600
1229511,39,2026-08-27,1397,23600
1229511,83,2026-08-27,1397,23600
1229511,97,2026-08-27,1397,23600
1247345,25,2027-08-21,1726,23600
1247345,26,2027-08-21,1726,23600
1344052,25,2026-11-19,1328,23600
1344052,26,2026-11-19,1328,23600
1396947,15,2026-08-27,1991,23600
1396947,38,2026-08-27,1991,23600
1396947,76,2026-08-27,1991,23600
1399076,27,2027-08-21,1645,23600
1399076,28,2027-08-21,1645,23600
1405295,19,2026-08-21,957,23600
1405295,19,2026-08-27,957,23600
1405295,20,2026-08-21,957,23600
1405295,20,2026-08-27,957,23600
1405295,21,2026-08-21,1078,23600
1405295,21,2026-08-27,1078,23600
1405295,22,2026-08-21,1078,23600
1405295,22,2026-08-27,1078,23600
1405295,27,2026-08-21,1509,23600
1405295,27,2026-08-27,1509,23600
1405295,28,2026-08-21,1509,23600
1405295,28,2026-08-27,1509,23600
1405295,39,2026-08-21,1078,23600
1405295,39,2026-08-27,1078,23600
1405295,83,2026-08-21,1078,23600
1405295,83,2026-08-27,1078,23600
1442173,25,2026-09-04,1770,23600
1442173,25,2026-09-04,1770,23600
1442173,26,2026-09-04,1770,23600
1442173,26,2026-09-04,1770,23600
1446609,17,2026-09-01,1040,23600
1446609,17,2026-09-02,1040,23600
1446609,17,2026-09-03,1040,23600
1446609,18,2026-09-01,1040,23600
1446609,18,2026-09-02,1040,23600
1446609,18,2026-09-03,1040,23600
1446609,19,2026-09-01,1040,23600
1446609,19,2026-09-02,1040,23600
1446609,19,2026-09-03,1040,23600
1446609,20,2026-09-01,1040,23600
1446609,20,2026-09-02,1040,23600
1446609,20,2026-09-03,1040,23600
1462197,17,2026-09-02,1350,23600
1462197,18,2026-09-02,1350,23600
1462197,50,2026-09-02,1350,23600
1503376,27,2027-08-21,2282,23600
1535153,27,2026-08-27,1638,23600
1535153,28,2026-08-27,1638,23600
1921658,25,2027-08-21,2296,23600
1921658,26,2027-08-21,2296,23600
2024578,35,2026-10-20,2795,20000
2024578,36,2026-10-20,2795,20000
2024578,37,2026-10-20,2795,20000
2024578,59,2026-10-20,2795,20000
2025247,21,2026-09-04,1486,23600
2025247,22,2026-09-04,1486,23600
2025247,39,2026-09-04,1486,23600
2025247,83,2026-09-04,1486,23600
2071224,19,2026-11-19,1205,23600
2071224,20,2026-11-19,1205,23600
2071224,51,2026-11-19,1205,23600
2083696,25,2027-08-21,1768,23600
2083696,26,2027-08-21,1768,23600
4476459,29,2026-11-19,2089,23600
4476459,30,2026-11-19,2089,23600
4476459,31,2026-11-19,2089,23600
4476459,32,2026-11-19,2089,23600
4476459,33,2026-11-19,2089,23600
4476459,34,2026-11-19,2089,23600
4476459,57,2026-11-19,2089,23600
0395630,19,2026-08-27,1717,35400
0395630,20,2026-08-27,1717,35400
1126165,19,2026-11-19,1715,23600
1126165,20,2026-11-19,1715,23600
1126165,51,2026-11-19,1715,23600
1161560,17,2026-08-21,1227,23600
1161560,18,2026-08-21,1227,23600
1161560,50,2026-08-21,1227,23600
1168384,25,2027-08-21,1232,23600
1168384,26,2027-08-21,1232,23600
1394588,25,2026-11-19,1530,23600
1394588,26,2026-11-19,1530,23600
1433791,27,2027-08-21,2539,23600
1433791,28,2027-08-21,2539,23600
1474809,25,2027-08-21,1378,23600
1474809,26,2027-08-21,1378,23600
1475870,17,2026-08-23,1322,23600
1475870,17,2026-08-24,1315,23600
1475870,17,2026-08-25,1322,23600
1475870,17,2026-08-26,1322,23600
1475870,17,2026-08-27,1322,23600
1475870,18,2026-08-23,1322,23600
1475870,18,2026-08-24,1315,23600
1475870,18,2026-08-25,1322,23600
1475870,18,2026-08-26,1322,23600
1475870,18,2026-08-27,1322,23600
1475870,19,2026-08-23,1322,23600
1475870,19,2026-08-24,1315,23600
1475870,19,2026-08-25,1322,23600
1475870,19,2026-08-26,1322,23600
1475870,19,2026-08-27,1322,23600
1475870,20,2026-08-23,1322,23600
1475870,20,2026-08-24,1315,23600
1475870,20,2026-08-25,1322,23600
1475870,20,2026-08-26,1322,23600
1475870,20,2026-08-27,1322,23600
1475870,50,2026-08-23,1322,23600
1475870,50,2026-08-24,1315,23600
1475870,50,2026-08-25,1322,23600
1475870,50,2026-08-26,1322,23600
1475870,50,2026-08-27,1322,23600
1475870,51,2026-08-23,1322,23600
1475870,51,2026-08-24,1315,23600
1475870,51,2026-08-25,1322,23600
1475870,51,2026-08-26,1322,23600
1475870,51,2026-08-27,1322,23600
1476116,25,2026-10-30,2150,23600
1476116,25,2026-10-31,2150,23600
1476116,26,2026-10-30,2150,23600
1476116,26,2026-10-31,2150,23600
1516017,27,2027-08-21,1905,23600
1516017,28,2027-08-21,1905,23600
1675415,35,2026-08-27,4161,20000
1675415,36,2026-08-27,4161,20000
1675415,37,2026-08-27,4161,20000
1766640,45,2027-08-21,1566,23600
1766640,46,2027-08-21,1566,23600
2051131,19,2026-08-27,1357,23600
2051131,20,2026-08-27,1357,23600
2051131,21,2026-08-27,1357,23600
2051131,22,2026-08-27,1357,23600
2051131,39,2026-08-27,1357,23600
2051131,51,2026-08-27,1357,20000
2051131,83,2026-08-27,1357,23600
2059540,27,2026-11-19,1905,23600
2059540,27,2027-08-21,1905,23600
2059540,28,2026-11-19,1905,23600
2059540,28,2027-08-21,1905,23600
2074839,42,2027-08-21,2481,20000
2074839,43,2027-08-21,2481,20000
2074839,44,2027-08-21,2481,20000
2083696,25,2026-11-19,1734,23600
2083696,26,2026-11-19,1734,23600
0395630,17,2026-08-27,1613,35400
0395630,18,2026-08-27,1613,35400
0395630,50,2026-08-27,1613,35400
1161560,17,2026-08-26,1272,23600
1161560,18,2026-08-26,1272,23600
1161560,50,2026-08-26,1272,23600
1206822,42,2026-11-19,3656,23600
1206822,43,2026-11-19,3656,23600
1229920,42,2026-11-19,1596,23600
1229920,43,2026-11-19,1596,23600
1247345,25,2026-11-19,1688,23600
1247345,26,2026-11-19,1688,23600
1442173,25,2027-08-21,1553,23600
1442173,26,2027-08-21,1553,23600
1463190,23,2026-11-19,1657,23600
1463190,24,2026-11-19,1657,23600
1463190,40,2026-11-19,1657,23600
1473477,25,2026-09-04,1598,23600
1473477,26,2026-09-04,1598,23600
1475870,21,2026-08-23,1667,23600
1475870,21,2026-08-24,1660,23600
1475870,21,2026-08-25,1667,23600
1475870,22,2026-08-23,1667,23600
1475870,22,2026-08-24,1660,23600
1475870,22,2026-08-25,1667,23600
1475870,23,2026-08-23,1667,23600
1475870,23,2026-08-24,1660,23600
1475870,23,2026-08-25,1667,23600
1475870,24,2026-08-23,1667,23600
1475870,24,2026-08-24,1660,23600
1475870,24,2026-08-25,1667,23600
1475870,27,2026-08-23,1667,23600
1475870,27,2026-08-24,1660,23600
1475870,27,2026-08-25,1667,23600
1475870,28,2026-08-23,1667,23600
1475870,28,2026-08-24,1660,23600
1475870,28,2026-08-25,1667,23600
1475870,39,2026-08-23,1667,23600
1475870,39,2026-08-24,1660,23600
1475870,39,2026-08-25,1667,23600
1477779,15,2026-10-30,1350,23600
1477779,15,2026-10-31,1350,23600
1477779,16,2026-10-30,1350,23600
1477779,16,2026-10-31,1350,23600
1477779,38,2026-10-30,1350,23600
1477779,38,2026-10-31,1350,23600
1486131,25,2026-11-19,1759,23600
1555580,25,2027-08-21,1951,23600
1555580,26,2027-08-21,1951,23600
1596296,45,2026-11-19,2603,32861
1596296,46,2026-11-19,2603,32861
1675415,27,2026-08-27,3954,20000
1675415,28,2026-08-27,3954,20000
1894945,32,2026-11-19,2989,23600
1894945,33,2026-11-19,2989,23600
1894945,34,2026-11-19,2989,23600
1894945,58,2026-11-19,2989,23600
2025247,27,2026-08-29,2072,23600
2025247,28,2026-08-29,2072,23600
2057538,23,2026-08-27,1996,23600
2057538,24,2026-08-27,1996,23600
2057538,40,2026-08-27,1996,23600
2071224,17,2026-11-19,1136,23600
2071224,18,2026-11-19,1136,23600
2071224,50,2026-11-19,1136,23600
2071224,87,2026-11-19,1136,23600
2345375,25,2026-11-19,1278,23600
2345375,25,2027-08-21,1278,23600
4471338,21,2026-08-27,1474,23600
4471338,22,2026-08-27,1474,23600
4471338,23,2026-08-27,1474,23600
4471338,24,2026-08-27,1474,23600
4471338,39,2026-08-27,1474,23600
4471338,40,2026-08-27,1474,23600
4471338,83,2026-08-27,1474,23600
1107594,25,2026-09-02,1575,23600
1107594,25,2026-09-02,1575,23600
1107594,25,2026-11-19,1575,23600
1107594,25,2026-11-19,1575,23600
1209749,15,2026-11-06,1396,38776
1209749,15,2026-11-13,1396,38776
1209749,16,2026-11-06,1396,38776
1209749,16,2026-11-13,1396,38776
1209749,38,2026-11-06,1396,38776
1209749,38,2026-11-13,1396,38776
1231999,42,2027-08-21,1941,20000
1231999,43,2027-08-21,1941,20000
1323805,45,2026-09-04,1606,23600
1323805,46,2026-09-04,1606,23600
1405295,17,2026-08-21,871,23600
1405295,17,2026-08-27,871,23600
1405295,18,2026-08-21,871,23600
1405295,18,2026-08-27,871,23600
1405295,50,2026-08-21,871,23600
1405295,50,2026-08-27,871,23600
1452757,42,2027-08-21,2964,23600
1452757,43,2027-08-21,2964,23600
1463190,21,2026-11-19,1588,23600
1463190,22,2026-11-19,1588,23600
1463190,39,2026-11-19,1588,23600
1463190,83,2026-11-19,1588,23600
1472508,25,2026-09-02,1277,23600
1472508,26,2026-09-02,1277,23600
1476116,17,2026-10-30,1460,23600
1476116,17,2026-10-31,1460,23600
1476116,18,2026-10-30,1460,23600
1476116,18,2026-10-31,1460,23600
1476116,19,2026-10-30,1460,23600
1476116,19,2026-10-31,1460,23600
1476116,20,2026-10-30,1460,23600
1476116,20,2026-10-31,1460,23600
1476116,50,2026-10-30,1460,23600
1476116,50,2026-10-31,1460,23600
1476116,51,2026-10-30,1460,23600
1476116,51,2026-10-31,1460,23600
1476116,87,2026-10-30,1460,23600
1476116,87,2026-10-31,1460,23600
1894945,29,2026-11-19,2885,23600
1894945,30,2026-11-19,2885,23600
1894945,31,2026-11-19,2885,23600
1894945,57,2026-11-19,2885,23600
1894945,89,2026-11-19,2885,23600
1921658,25,2026-11-19,2251,23600
1921658,26,2026-11-19,2251,23600
2051131,17,2026-08-27,1219,23600
2051131,18,2026-08-27,1219,23600
2051131,50,2026-08-27,1219,23600
2051131,87,2026-08-27,1219,20000
1107594,25,2026-09-04,1575,23600
1107594,25,2026-09-04,1575,23600
1125927,23,2026-11-19,1343,23600
1125927,24,2026-11-19,1343,23600
1125927,40,2026-11-19,1343,23600
1136669,27,2027-08-21,2033,23600
1136669,28,2027-08-21,2033,23600
1148276,25,2026-11-19,2340,20000
1148276,26,2026-11-19,2340,20000
1168384,25,2026-08-30,1211,23600
1168384,25,2026-09-02,1208,23600
1168384,25,2026-09-04,1208,23600
1168384,26,2026-08-30,1211,23600
1168384,26,2026-09-02,1208,23600
1168384,26,2026-09-04,1208,23600
1229511,19,2026-08-27,1155,23600
1229511,20,2026-08-27,1155,23600
1229511,51,2026-08-27,1155,23600
1288538,42,2026-11-19,2439,23600
1288538,42,2027-08-21,2405,23600
1288538,43,2026-11-19,2439,23600
1288538,43,2027-08-21,2405,23600
1442173,25,2026-11-19,1584,23600
1442173,25,2026-11-19,1584,23600
1442173,26,2026-11-19,1584,23600
1442173,26,2026-11-19,1584,23600
1453534,23,2026-08-27,1775,23600
1453534,24,2026-08-27,1775,23600
1453534,40,2026-08-27,1775,23600
1462197,19,2026-09-04,1454,23600
1462197,20,2026-09-04,1454,23600
1555580,25,2026-11-19,1917,23600
1555580,26,2026-11-19,1917,23600
1675415,25,2026-08-27,3678,20000
1675415,26,2026-08-27,3678,20000
1675415,29,2026-08-27,3678,20000
1675415,30,2026-08-27,3678,20000
1675415,31,2026-08-27,3678,20000
1675415,32,2026-08-27,3678,20000
1675415,33,2026-08-27,3678,20000
1675415,34,2026-08-27,3678,20000
1675415,57,2026-08-27,3678,20000
1675415,58,2026-08-27,3678,20000
1675415,89,2026-08-27,3678,20000
1767140,45,2026-09-04,2435,23600
1767140,46,2026-09-04,2435,23600
1828376,23,2026-08-27,1673,23600
1828376,24,2026-08-27,1673,23600
1828376,40,2026-08-27,1673,23600
2016749,25,2027-08-21,1640,23600
2016749,26,2027-08-21,1640,23600
2024578,32,2026-10-20,2450,20000
2024578,33,2026-10-20,2450,20000
2024578,34,2026-10-20,2450,20000
2024578,58,2026-10-20,2450,20000
2024578,90,2026-10-20,2450,20000
2065763,102,2026-11-19,1762,32861
2065763,103,2026-11-19,1762,32861
2065763,104,2026-11-19,1762,32861
2066561,25,2026-11-19,1455,27848
2066561,26,2026-11-19,1455,27848
4471338,15,2026-08-27,1198,23600
4471338,16,2026-08-27,1198,23600
4471338,38,2026-08-27,1198,23600
1125927,35,2026-11-19,1722,23600
1125927,36,2026-11-19,1722,23600
1125927,37,2026-11-19,1722,23600
1125927,59,2026-11-19,1722,23600
1168384,25,2026-11-19,1220,23600
1168384,26,2026-11-19,1220,23600
1206822,35,2026-11-19,3173,23600
1206822,36,2026-11-19,3173,23600
1206822,37,2026-11-19,3173,23600
1288538,42,2026-09-04,2404,23600
1288538,43,2026-09-04,2404,23600
1323805,45,2027-08-21,1559,23600
1323805,46,2027-08-21,1559,23600
1343286,27,2027-08-21,2096,23600
1343286,28,2027-08-21,2096,23600
1396947,16,2026-08-27,2164,23600
1396947,52,2026-08-27,2164,23600
1446609,25,2026-09-01,1040,23600
1446609,25,2026-09-03,1040,23600
1446609,26,2026-09-01,1040,23600
1446609,26,2026-09-03,1040,23600
1541487,17,2026-11-19,1736,20000
1541487,18,2026-11-19,1736,20000
1541487,50,2026-11-19,1736,20000
1559112,25,2027-08-21,1714,23600
1559112,26,2027-08-21,1714,23600
1559112,55,2027-08-21,1714,23600
1595009,42,2027-08-21,2481,23600
1595009,43,2027-08-21,2481,23600
1595009,44,2027-08-21,2481,23600
1675415,21,2026-08-27,3540,20000
1675415,22,2026-08-27,3540,20000
1675415,23,2026-08-27,3540,20000
1675415,24,2026-08-27,3540,20000
1675415,39,2026-08-27,3540,20000
1675415,40,2026-08-27,3540,20000
1675415,83,2026-08-27,3540,20000
1766640,45,2026-09-04,1669,23600
1766640,46,2026-09-04,1669,23600
1809628,42,2027-08-21,2033,23600
1809628,43,2027-08-21,2033,23600
1828376,17,2026-08-27,1431,23600
1828376,18,2026-08-27,1431,23600
1828376,19,2026-08-27,1431,23600
1828376,20,2026-08-27,1431,23600
1828376,50,2026-08-27,1431,23600
2015296,25,2027-08-21,1148,20000
2015296,26,2027-08-21,1148,20000
2057538,19,2026-08-27,1789,23600
2057538,20,2026-08-27,1789,23600
2057538,21,2026-08-27,1789,23600
2057538,22,2026-08-27,1789,23600
2057538,39,2026-08-27,1789,23600
2057538,83,2026-08-27,1789,23600
2066561,42,2027-08-21,2527,27848
2066561,43,2027-08-21,2527,27848
1204840,45,2026-11-19,1769,27848
1204840,46,2026-11-19,1769,27848
1394588,42,2027-08-21,2182,23600
1394588,43,2027-08-21,2182,23600
1433791,23,2027-08-21,2194,23600
1433791,24,2027-08-21,2194,23600
1433791,40,2027-08-21,2194,23600
1462197,17,2026-09-04,1350,23600
1462197,18,2026-09-04,1350,23600
1462197,50,2026-09-04,1350,23600
1472544,25,2027-08-21,1286,23600
1472544,26,2027-08-21,1286,23600
1473477,25,2026-11-19,1460,23600
1473477,26,2026-11-19,1460,23600
1511929,42,2027-08-21,2490,23600
1511929,43,2027-08-21,2490,23600
1912757,25,2026-08-30,1062,23600
1912757,26,2026-08-30,1062,23600
2018783,25,2026-11-19,1428,23600
2018783,25,2027-08-21,1428,23600
2018783,26,2026-11-19,1428,23600
2018783,26,2027-08-21,1428,23600
2019978,25,2026-11-19,1905,20000
2019978,26,2026-11-19,1905,20000
4471338,17,2026-08-27,1267,23600
4471338,18,2026-08-27,1267,23600
4471338,19,2026-08-27,1267,23600
4471338,20,2026-08-27,1267,23600
4471338,50,2026-08-27,1267,23600
9772256,42,2026-11-19,5919,23600
9772256,43,2026-11-19,5919,23600
1165837,25,2026-11-19,1809,23600
1165837,26,2026-11-19,1809,23600
1229511,17,2026-08-27,1052,23600
1229511,18,2026-08-27,1052,23600
1229511,50,2026-08-27,1052,23600
1229511,87,2026-08-27,1052,23600
1394588,42,2026-11-19,2151,23600
1394588,43,2026-11-19,2151,23600
1475870,27,2026-08-26,1667,23600
1475870,27,2026-08-27,1667,23600
1475870,28,2026-08-26,1667,23600
1475870,28,2026-08-27,1667,23600
1675415,17,2026-08-27,3333,20000
1675415,18,2026-08-27,3333,20000
1675415,19,2026-08-27,3333,20000
1675415,20,2026-08-27,3333,20000
1675415,50,2026-08-27,3333,20000
1675415,51,2026-08-27,3333,20000
1675415,87,2026-08-27,3333,20000
1809628,45,2027-08-21,1860,23600
1809628,46,2027-08-21,1860,23600
1828376,21,2026-08-27,1500,23600
1828376,22,2026-08-27,1500,23600
1828376,39,2026-08-27,1500,23600
1828376,83,2026-08-27,1500,23600
2016749,25,2026-09-02,1579,23600
2016749,26,2026-09-02,1579,23600
0472129,21,2026-10-30,1597,23600
0472129,21,2026-10-30,1597,23600
0472129,21,2026-10-31,1597,23600
0472129,21,2026-10-31,1597,23600
0472129,22,2026-10-30,1597,23600
0472129,22,2026-10-30,1597,23600
0472129,22,2026-10-31,1597,23600
0472129,22,2026-10-31,1597,23600
0472129,23,2026-10-30,1597,23600
0472129,23,2026-10-30,1597,23600
0472129,23,2026-10-31,1597,23600
0472129,23,2026-10-31,1597,23600
0472129,24,2026-10-30,1597,23600
0472129,24,2026-10-30,1597,23600
0472129,24,2026-10-31,1597,23600
0472129,24,2026-10-31,1597,23600
0472129,39,2026-10-30,1597,23600
0472129,39,2026-10-31,1597,23600
0472129,40,2026-10-30,1597,23600
0472129,40,2026-10-31,1597,23600
0472129,83,2026-10-30,1597,23600
0472129,83,2026-10-31,1597,23600
1125927,24179,2026-11-19,1377,23600
1125927,29,2026-11-19,1377,23600
1125927,30,2026-11-19,1377,23600
1125927,31,2026-11-19,1377,23600
1125927,57,2026-11-19,1377,23600
1125927,89,2026-11-19,1377,23600
1136669,27,2026-08-27,1825,23600
1136669,28,2026-08-27,1825,23600
1446609,25,2026-09-02,1040,23600
1446609,26,2026-09-02,1040,23600
1453534,21,2026-08-27,1568,23600
1453534,22,2026-08-27,1568,23600
1453534,39,2026-08-27,1568,23600
1453534,83,2026-08-27,1568,23600
1464876,35,2026-11-19,2616,23600
1464876,36,2026-11-19,2616,23600
1475870,25,2026-08-23,1322,23600
1475870,25,2026-08-25,1322,23600
1475870,25,2026-08-26,1322,23600
1475870,26,2026-08-23,1322,23600
1475870,26,2026-08-25,1322,23600
1475870,26,2026-08-26,1322,23600
1767140,45,2026-11-19,2302,23600
1767140,46,2026-11-19,2302,23600
2018949,25,2026-11-19,1428,23600
2018949,25,2027-08-21,1428,23600
2018949,26,2026-11-19,1428,23600
2018949,26,2027-08-21,1428,23600
2057538,17,2026-08-27,1651,23600
2057538,18,2026-08-27,1651,23600
2057538,50,2026-08-27,1651,23600
2065763,113,2027-08-21,1900,32861
1464454,25,2027-08-21,1526,23600
1464454,26,2027-08-21,1526,23600
1464876,27,2026-11-19,2513,23600
1464876,28,2026-11-19,2513,23600
1475870,21,2026-08-26,1667,23600
1475870,21,2026-08-27,1667,23600
1475870,22,2026-08-26,1667,23600
1475870,22,2026-08-27,1667,23600
1475870,23,2026-08-26,1667,23600
1475870,23,2026-08-27,1667,23600
1475870,24,2026-08-26,1667,23600
1475870,24,2026-08-27,1667,23600
1475870,25,2026-08-24,1315,23600
1475870,26,2026-08-24,1315,23600
1475870,39,2026-08-26,1667,23600
1475870,39,2026-08-27,1667,23600
2011351,25,2026-11-19,1524,23600
2011351,25,2027-08-21,1524,23600
2011351,26,2026-11-19,1524,23600
2011351,26,2027-08-21,1524,23600
2019492,25,2026-11-19,1571,27848
2019492,25,2027-08-21,1571,27848
2019492,26,2026-11-19,1571,27848
2019492,26,2027-08-21,1571,27848
2024578,24179,2026-10-20,2105,20000
2024578,29,2026-10-20,2105,20000
2024578,30,2026-10-20,2105,20000
2024578,31,2026-10-20,2105,20000
2024578,57,2026-10-20,2105,20000
2024578,89,2026-10-20,2105,20000
1165837,45,2026-11-19,2361,23600
1165837,46,2026-11-19,2361,23600
1206822,29,2026-11-19,2690,23600
1206822,30,2026-11-19,2690,23600
1206822,31,2026-11-19,2690,23600
1206822,32,2026-11-19,2690,23600
1206822,33,2026-11-19,2690,23600
1206822,34,2026-11-19,2690,23600
1206822,57,2026-11-19,2690,23600
1206822,58,2026-11-19,2690,23600
1206822,89,2026-11-19,2690,23600
1433791,19,2027-08-21,1918,23600
1433791,20,2027-08-21,1918,23600
1433791,21,2027-08-21,1918,23600
1433791,22,2027-08-21,1918,23600
1433791,39,2027-08-21,1918,23600
1433791,51,2027-08-21,1918,23600
1433791,83,2027-08-21,1918,23600
1929807,25,2027-08-21,1524,23600
1929807,26,2027-08-21,1524,23600
2010412,25,2026-08-31,1261,23600
2010412,25,2026-11-19,1261,23600
2010412,25,2027-08-21,1194,23600
2010412,26,2026-08-31,1261,23600
2010412,26,2026-11-19,1261,23600
2010412,26,2027-08-21,1194,23600
2013172,25,2027-08-21,2174,23600
2013172,26,2027-08-21,2174,23600
2014883,25,2026-11-19,1518,23600
2014883,26,2026-11-19,1518,23600
1165837,45,2027-08-21,2361,23600
1165837,46,2027-08-21,2361,23600
1385250,102,2027-08-21,1905,23600
1385250,103,2027-08-21,1905,23600
1446609,25,2027-08-21,1095,23600
1446609,26,2027-08-21,1095,23600
1766640,45,2026-11-19,1532,23600
1766640,46,2026-11-19,1532,23600
1766857,45,2027-08-21,2422,23600
1766857,46,2027-08-21,2422,23600
1767140,45,2027-08-21,2195,23600
1767140,46,2027-08-21,2195,23600
2025247,23,2026-08-29,1555,23600
2025247,24,2026-08-29,1555,23600
2025247,40,2026-08-29,1555,23600
9772256,35,2026-11-19,5091,23600
9772256,36,2026-11-19,5091,23600
9772256,37,2026-11-19,5091,23600
1385250,102,2026-11-19,1905,23600
1385250,103,2026-11-19,1905,23600
1472544,45,2026-11-19,1738,23600
1472544,46,2026-11-19,1738,23600
1555580,45,2027-08-21,2227,23600
1555580,46,2027-08-21,2227,23600
1929807,25,2026-11-19,1524,23600
1929807,26,2026-11-19,1524,23600
2020755,27,2026-08-30,2320,20000
2020755,28,2026-08-30,2320,20000
2022899,45,2027-08-21,1410,23600
2022899,46,2027-08-21,1410,23600
1125927,32,2026-11-19,1377,23600
1125927,33,2026-11-19,1377,23600
1125927,34,2026-11-19,1377,23600
1125927,58,2026-11-19,1377,23600
1125927,90,2026-11-19,1377,23600
1472508,25,2027-08-21,1277,23600
1472508,26,2027-08-21,1277,23600
1509602,42,2027-08-21,2504,23600
1509602,43,2027-08-21,2504,23600
1595009,42,2026-11-19,2310,23600
1595009,43,2026-11-19,2310,23600
1595009,44,2026-11-19,2310,23600
2025247,21,2026-08-29,1486,23600
2025247,22,2026-08-29,1486,23600
2025247,39,2026-08-29,1486,23600
2025247,83,2026-08-29,1486,23600
1075048,27,2026-11-19,1443,23600
1075048,28,2026-11-19,1443,23600
1555580,45,2026-11-19,2193,23600
1555580,46,2026-11-19,2193,23600
2083696,45,2027-08-21,2044,23600
2083696,46,2027-08-21,2044,23600
1433791,17,2027-08-21,1711,23600
1433791,18,2027-08-21,1711,23600
1433791,50,2027-08-21,1711,23600
1433791,87,2027-08-21,1711,23600
1464876,32,2026-11-19,2099,23600
1464876,33,2026-11-19,2099,23600
1464876,34,2026-11-19,2099,23600
2020755,21,2026-08-30,1906,20000
2020755,22,2026-08-30,1906,20000
2020755,39,2026-08-30,1906,20000
2020755,83,2026-08-30,1906,20000
2083696,45,2026-11-19,2010,23600
2083696,46,2026-11-19,2010,23600
1472544,45,2026-09-04,1673,23600
1472544,46,2026-09-04,1673,23600
2010412,25,2026-09-04,1261,23600
2010412,26,2026-09-04,1261,23600
2065763,113,2026-11-19,1762,32861
1257158,25,2026-09-04,1380,23600
1257158,26,2026-09-04,1380,23600
1464876,23,2026-11-19,1995,23600
1464876,24,2026-11-19,1995,23600
1464876,40,2026-11-19,1995,23600
1075048,25,2026-11-19,1305,23600
1442173,25,2027-08-21,1553,20000
1442173,26,2027-08-21,1553,20000
1464876,29,2026-11-19,1961,23600
1464876,30,2026-11-19,1961,23600
1464876,31,2026-11-19,1961,23600
1464876,57,2026-11-19,1961,23600
2010412,25,2026-08-28,1261,23600
2010412,25,2026-08-29,1261,23600
2010412,26,2026-08-28,1261,23600
2010412,26,2026-08-29,1261,23600
1475870,25,2026-08-27,1322,23600
1475870,26,2026-08-27,1322,23600
2020755,23,2026-08-30,1975,20000
2020755,24,2026-08-30,1975,20000
2020755,27,2026-11-19,2320,20000
2020755,28,2026-11-19,2320,20000
2020755,40,2026-08-30,1975,20000
2066561,47,2027-08-21,2527,27848
2066561,48,2027-08-21,2527,27848
9772256,25,2026-11-19,3435,23600
9772256,26,2026-11-19,3435,23600
9772256,29,2026-11-19,4263,23600
9772256,30,2026-11-19,4263,23600
9772256,31,2026-11-19,4263,23600
9772256,32,2026-11-19,4263,23600
9772256,33,2026-11-19,4263,23600
9772256,34,2026-11-19,4263,23600
9772256,57,2026-11-19,4263,23600
9772256,58,2026-11-19,4263,23600
9772256,89,2026-11-19,4263,23600
1464876,21,2026-11-19,1857,23600
1464876,22,2026-11-19,1857,23600
1464876,39,2026-11-19,1857,23600
1464876,83,2026-11-19,1857,23600
1472459,42,2027-08-21,1852,23600
1472459,43,2027-08-21,1852,23600
1767140,64,2026-09-04,2435,23600
1767140,65,2026-09-04,2435,23600
2066561,42,2026-11-19,2490,27848
2066561,43,2026-11-19,2490,27848
1206822,17,2026-11-19,1724,23600
1206822,18,2026-11-19,1724,23600
1206822,19,2026-11-19,1724,23600
1206822,20,2026-11-19,1724,23600
1206822,50,2026-11-19,1724,23600
1206822,51,2026-11-19,1724,23600
1206822,87,2026-11-19,1724,23600
1446609,25,2026-09-04,1248,23600
1446609,25,2026-11-19,1210,23600
1446609,26,2026-09-04,1248,23600
1446609,26,2026-11-19,1210,23600
2020755,21,2026-11-19,1906,20000
2020755,22,2026-11-19,1906,20000
2020755,39,2026-11-19,1906,20000
2020755,83,2026-11-19,1906,20000
9772256,27,2026-11-19,3642,23600
9772256,28,2026-11-19,3642,23600
1206822,21,2026-11-19,1862,23600
1206822,22,2026-11-19,1862,23600
1206822,23,2026-11-19,1862,23600
1206822,24,2026-11-19,1862,23600
1206822,39,2026-11-19,1862,23600
1206822,40,2026-11-19,1862,23600
1206822,83,2026-11-19,1862,23600
1257158,25,2026-08-21,1423,23600
1257158,26,2026-08-21,1423,23600
1472508,25,2026-09-04,1455,23600
1472508,26,2026-09-04,1455,23600
1767140,64,2026-11-19,2302,23600
1767140,65,2026-11-19,2302,23600
2020755,17,2026-08-30,1561,20000
2020755,18,2026-08-30,1561,20000
2020755,50,2026-08-30,1561,20000
1472459,45,2027-08-21,1645,23600
1472459,46,2027-08-21,1645,23600
1472544,45,2027-08-21,1493,23600
1472544,46,2027-08-21,1493,23600
2020755,23,2026-11-19,1975,20000
2020755,24,2026-11-19,1975,20000
2020755,40,2026-11-19,1975,20000
1257158,25,2026-08-28,1380,23600
1257158,25,2026-08-29,1380,23600
1257158,26,2026-08-28,1380,23600
1257158,26,2026-08-29,1380,23600
1767140,64,2027-08-21,2195,23600
1767140,65,2027-08-21,2195,23600
1472508,25,2026-11-19,1302,23600
1472508,26,2026-11-19,1302,23600
2020755,19,2026-08-30,1596,20000
2020755,20,2026-08-30,1596,20000
2020755,17,2026-11-19,1561,20000
2020755,18,2026-11-19,1561,20000
2020755,50,2026-11-19,1561,20000
9772256,17,2026-11-19,2607,23600
9772256,18,2026-11-19,2607,23600
9772256,19,2026-11-19,2607,23600
9772256,20,2026-11-19,2607,23600
9772256,50,2026-11-19,2607,23600
9772256,51,2026-11-19,2607,23600
9772256,87,2026-11-19,2607,23600
2066561,47,2026-11-19,2490,27848
2066561,48,2026-11-19,2490,27848
1433791,25,2027-08-21,1711,23600
1433791,26,2027-08-21,1711,23600
9772256,21,2026-11-19,2814,23600
9772256,22,2026-11-19,2814,23600
9772256,23,2026-11-19,2814,23600
9772256,24,2026-11-19,2814,23600
9772256,39,2026-11-19,2814,23600
9772256,40,2026-11-19,2814,23600
9772256,83,2026-11-19,2814,23600
2020755,19,2026-11-19,1596,20000
2020755,20,2026-11-19,1596,20000
