property_code,sku_code,date,min_price,max_price,original_min_price,pct_diff,alert
15738,27,"August 26, 2026","2,035","23,600","2,201",-6,Critical
15738,28,"August 26, 2026","2,035","23,600","2,201",-6,Critical
18651,25,"August 26, 2026","3,696","23,600","4,023",-6,Critical
18651,26,"August 26, 2026","3,696","23,600","4,023",-6,Critical
45959,17,"August 26, 2026","1,594","23,600","1,743",-6,Critical
45959,18,"August 26, 2026","1,594","23,600","1,743",-6,Critical
45959,19,"August 26, 2026","1,698","23,600","1,840",-6,Critical
45959,20,"August 26, 2026","1,698","23,600","1,840",-6,Critical
45959,23,"August 26, 2026","1,939","20,000","2,110",-6,Critical
45959,24,"August 26, 2026","1,939","20,000","2,110",-6,Critical
45959,50,"August 26, 2026","1,594","23,600","1,743",-6,Critical
45959,51,"August 26, 2026","1,698","23,600","1,840",-6,Critical
45959,87,"August 26, 2026","1,594","23,600","1,743",-6,Critical
50525,17,"August 26, 2026","2,177","23,600","2,370",-6,Critical
50525,18,"August 26, 2026","2,177","23,600","2,370",-6,Critical
50525,19,"August 26, 2026","2,315","23,600","2,500",-6,Critical
50525,20,"August 26, 2026","2,315","23,600","2,500",-6,Critical
50525,50,"August 26, 2026","2,177","23,600","2,370",-6,Critical
50525,51,"August 26, 2026","2,315","23,600","2,500",-6,Critical
50525,87,"August 26, 2026","2,177","23,600","2,370",-6,Critical