property_code,sku_code,date,min_price,max_price,region,city,original_min_price,pct_diff,alert
2052148,21,"September 12, 2026","1,465","20,000",North 2,Lucknow,"1,599",-6,Critical
2052148,22,"September 12, 2026","1,465","20,000",North 2,Lucknow,"1,599",-6,Critical
2052148,23,"September 12, 2026","1,672","20,000",North 2,Lucknow,"1,806",-6,Critical
2052148,24,"September 12, 2026","1,672","20,000",North 2,Lucknow,"1,806",-6,Critical
2052148,39,"September 12, 2026","1,465","20,000",North 2,Lucknow,"1,599",-6,Critical
2052148,40,"September 12, 2026","1,672","20,000",North 2,Lucknow,"1,806",-6,Critical
2052148,83,"September 12, 2026","1,465","20,000",North 2,Lucknow,"1,599",-6,Critical
0124913,35,"September 12, 2026","2,449","23,600",North 2,Dehradun,"2,719",-8,Critical
0124913,36,"September 12, 2026","2,449","23,600",North 2,Dehradun,"2,719",-8,Critical
0124913,25,"September 12, 2026","1,966","23,600",North 2,Dehradun,"2,229",-9,Critical
0124913,26,"September 12, 2026","1,966","23,600",North 2,Dehradun,"2,229",-9,Critical
0124913,29,"September 12, 2026","2,035","23,600",North 2,Dehradun,"2,299",-9,Critical
0124913,30,"September 12, 2026","2,035","23,600",North 2,Dehradun,"2,299",-9,Critical
0124913,31,"September 12, 2026","2,035","23,600",North 2,Dehradun,"2,299",-9,Critical
0124913,32,"September 12, 2026","2,104","23,600",North 2,Dehradun,"2,369",-9,Critical
0124913,33,"September 12, 2026","2,104","23,600",North 2,Dehradun,"2,369",-9,Critical
0124913,34,"September 12, 2026","2,104","23,600",North 2,Dehradun,"2,369",-9,Critical
0124913,57,"September 12, 2026","2,035","23,600",North 2,Dehradun,"2,299",-9,Critical
0124913,17,"September 12, 2026","1,552","23,600",North 2,Dehradun,"1,809",-11,Critical
0124913,18,"September 12, 2026","1,552","23,600",North 2,Dehradun,"1,809",-11,Critical
0124913,19,"September 12, 2026","1,621","23,600",North 2,Dehradun,"1,879",-11,Critical
0124913,20,"September 12, 2026","1,621","23,600",North 2,Dehradun,"1,879",-11,Critical
0124913,50,"September 12, 2026","1,552","23,600",North 2,Dehradun,"1,809",-11,Critical
