property_code,sku_code,date,min_price,max_price,channel_code,sub_channel_code
0468785,17,2026-09-18,1960,23600,,
0468785,18,2026-09-18,1960,23600,,
0468785,19,2026-09-18,2064,23600,,
0468785,20,2026-09-18,2064,23600,,
0468785,50,2026-09-18,1960,23600,,
0468785,51,2026-09-18,2064,23600,,
0468785,87,2026-09-18,1960,23600,,
1043825,17,2026-09-18,1470,23600,,
1043825,18,2026-09-18,1470,23600,,
1152305,27,2026-09-17,2512,23600,,
1152305,28,2026-09-17,2512,23600,,
1218072,17,2026-09-23,2921,23600,,
1218072,18,2026-09-23,2921,23600,,
1218072,19,2026-09-23,3025,23600,,
1218072,20,2026-09-23,3025,23600,,
1218072,50,2026-09-23,2921,23600,,
1218072,51,2026-09-23,3025,23600,,
1218072,87,2026-09-23,2921,23600,,
1314078,21,2026-10-01,2059,23600,,
1314078,22,2026-10-01,2059,23600,,
1314078,39,2026-10-01,2059,23600,,
1314078,83,2026-10-01,2059,23600,,
1324743,35,2026-10-01,3119,27848,,
1324743,36,2026-10-01,3119,27848,,
1364455,17,2026-10-01,1530,23600,,
1364455,18,2026-10-01,1530,23600,,
1364455,19,2026-10-01,1530,23600,,
1364455,20,2026-10-01,1530,23600,,
1364455,50,2026-10-01,1530,23600,,
1365790,17,2026-10-01,1905,23600,,
1365790,18,2026-10-01,1905,23600,,
1365790,19,2026-10-01,1974,23600,,
1365790,20,2026-10-01,1974,23600,,
1365790,50,2026-10-01,1905,23600,,
1441289,23,2026-09-17,3230,23600,,
1441289,24,2026-09-17,3230,23600,,
1441289,29,2026-09-17,3230,23600,,
1441289,30,2026-09-17,3230,23600,,
1441289,31,2026-09-17,3230,23600,,
1441289,40,2026-09-17,3230,23600,,
1441289,57,2026-09-17,3230,23600,,
1441289,89,2026-09-17,3230,23600,,
1442173,17,2026-09-18,1576,23600,,
1442173,18,2026-09-18,1576,23600,,
1442173,18,2026-09-18,1576,23600,,
1442173,19,2026-09-18,1576,23600,,
1442173,19,2026-09-18,1576,23600,,
1442173,20,2026-09-18,1576,23600,,
1442173,20,2026-09-18,1576,23600,,
1442173,50,2026-09-18,1576,23600,,
1446075,42,2026-09-17,4273,23600,,
1446075,43,2026-09-17,4273,23600,,
1463190,21,2026-09-19,1594,23600,,
1463190,22,2026-09-19,1594,23600,,
1463190,23,2026-09-19,1663,23600,,
1463190,24,2026-09-19,1663,23600,,
1463190,39,2026-09-19,1594,23600,,
1463190,40,2026-09-19,1663,23600,,
1463190,83,2026-09-19,1594,23600,,
1464454,19,2026-09-18,1664,23600,,
1464454,19,2026-09-19,1665,23600,,
1464454,20,2026-09-18,1664,23600,,
1464454,20,2026-09-19,1665,23600,,
1464454,21,2026-09-18,1871,23600,,
1464454,21,2026-09-19,1872,23600,,
1464454,22,2026-09-18,1871,23600,,
1464454,22,2026-09-19,1872,23600,,
1464454,39,2026-09-18,1871,23600,,
1464454,39,2026-09-19,1872,23600,,
1464454,51,2026-09-18,1664,23600,,
1464454,51,2026-09-19,1665,23600,,
1464454,83,2026-09-18,1871,23600,,
1464454,83,2026-09-19,1872,23600,,
1472544,45,2026-09-18,1493,23600,,
1472544,46,2026-09-18,1493,23600,,
1711113,21,2026-09-30,1571,23600,,
1711113,21,2026-10-01,1571,23600,,
1711113,22,2026-09-30,1571,23600,,
1711113,22,2026-10-01,1571,23600,,
1711113,39,2026-09-30,1571,23600,,
1711113,39,2026-10-01,1571,23600,,
1711113,83,2026-09-30,1571,23600,,
1711113,83,2026-10-01,1571,23600,,
1766640,17,2026-09-18,1325,23600,,
1766640,18,2026-09-18,1325,23600,,
1766640,19,2026-09-18,1325,23600,,
1766640,20,2026-09-18,1325,23600,,
1766640,50,2026-09-18,1325,23600,,
1879480,17,2026-09-18,1010,23600,,
1879480,18,2026-09-18,1010,23600,,
1879480,19,2026-09-18,1010,23600,,
1879480,20,2026-09-18,1010,23600,,
1879480,50,2026-09-18,1010,23600,,
2010412,19,2026-09-18,1366,23600,,
2010412,20,2026-09-18,1366,23600,,
2027305,17,2026-09-17,1534,23600,,
2027305,18,2026-09-17,1534,23600,,
2027305,50,2026-09-17,1534,23600,,
2027305,87,2026-09-17,1534,23600,,
2031596,35,2026-10-01,2298,23600,,
2031596,36,2026-10-01,2298,23600,,
2052429,23,2026-10-20,2075,20000,,
2052429,23,2026-11-24,2075,20000,,
2052429,23,2026-11-30,2075,20000,,
2052429,23,2026-12-01,2075,20000,,
2052429,23,2026-12-02,2075,20000,,
2052429,23,2026-12-04,2075,20000,,
2052429,23,2026-12-05,2075,20000,,
2052429,23,2026-12-08,2075,20000,,
2052429,23,2026-12-09,2075,20000,,
2052429,24,2026-10-20,2075,20000,,
2052429,24,2026-11-24,2075,20000,,
2052429,24,2026-11-30,2075,20000,,
2052429,24,2026-12-01,2075,20000,,
2052429,24,2026-12-02,2075,20000,,
2052429,24,2026-12-04,2075,20000,,
2052429,24,2026-12-05,2075,20000,,
2052429,24,2026-12-08,2075,20000,,
2052429,24,2026-12-09,2075,20000,,
2052429,25,2026-10-20,2213,20000,,
2052429,25,2026-11-24,2213,20000,,
2052429,25,2026-11-30,2213,20000,,
2052429,25,2026-12-01,2213,20000,,
2052429,25,2026-12-02,2213,20000,,
2052429,25,2026-12-04,2213,20000,,
2052429,25,2026-12-05,2213,20000,,
2052429,25,2026-12-08,2213,20000,,
2052429,25,2026-12-09,2213,20000,,
2052429,26,2026-10-20,2213,20000,,
2052429,26,2026-11-24,2213,20000,,
2052429,26,2026-11-30,2213,20000,,
2052429,26,2026-12-01,2213,20000,,
2052429,26,2026-12-02,2213,20000,,
2052429,26,2026-12-04,2213,20000,,
2052429,26,2026-12-05,2213,20000,,
2052429,26,2026-12-08,2213,20000,,
2052429,26,2026-12-09,2213,20000,,
2052429,27,2026-10-18,2384,20000,,
2052429,27,2026-10-19,2384,20000,,
2052429,27,2026-10-22,2368,20000,,
2052429,27,2026-12-10,2367,20000,,
2052429,27,2026-12-11,2367,20000,,
2052429,27,2026-12-12,2367,20000,,
2052429,27,2026-12-13,2367,20000,,
2052429,27,2026-12-14,2367,20000,,
2052429,27,2026-12-15,2367,20000,,
2052429,27,2026-12-16,2367,20000,,
2052429,28,2026-10-18,2384,20000,,
2052429,28,2026-10-19,2384,20000,,
2052429,28,2026-10-22,2368,20000,,
2052429,28,2026-12-10,2367,20000,,
2052429,28,2026-12-11,2367,20000,,
2052429,28,2026-12-12,2367,20000,,
2052429,28,2026-12-13,2367,20000,,
2052429,28,2026-12-14,2367,20000,,
2052429,28,2026-12-15,2367,20000,,
2052429,28,2026-12-16,2367,20000,,
2052429,40,2026-10-20,2075,20000,,
2052429,40,2026-11-24,2075,20000,,
2052429,40,2026-11-30,2075,20000,,
2052429,40,2026-12-01,2075,20000,,
2052429,40,2026-12-02,2075,20000,,
2052429,40,2026-12-04,2075,20000,,
2052429,40,2026-12-05,2075,20000,,
2052429,40,2026-12-08,2075,20000,,
2052429,40,2026-12-09,2075,20000,,
5000010,21,2026-09-17,2198,23600,,
5000010,22,2026-09-17,2198,23600,,
5000010,39,2026-09-17,2198,23600,,
5000010,83,2026-09-17,2198,23600,,
1152305,23,2026-09-17,2167,23600,,
1152305,23,2026-09-17,2167,23600,,
1152305,24,2026-09-17,2167,23600,,
1152305,24,2026-09-17,2167,23600,,
1152305,40,2026-09-17,2167,23600,,
1172490,21,2026-09-26,1146,27848,,
1172490,22,2026-09-26,1146,27848,,
1172490,23,2026-09-26,1146,27848,,
1172490,24,2026-09-26,1146,27848,,
1172490,39,2026-09-26,1146,27848,,
1172490,40,2026-09-26,1146,27848,,
1172490,83,2026-09-26,1146,27848,,
1324743,29,2026-10-01,2654,27848,,
1324743,30,2026-10-01,2654,27848,,
1324743,31,2026-10-01,2654,27848,,
1324743,32,2026-10-01,2774,27848,,
1324743,33,2026-10-01,2774,27848,,
1324743,34,2026-10-01,2774,27848,,
1324743,57,2026-10-01,2654,27848,,
1441289,19,2026-09-17,2885,23600,,
1441289,20,2026-09-17,2885,23600,,
1441289,21,2026-09-17,2885,23600,,
1441289,22,2026-09-17,2885,23600,,
1441289,39,2026-09-17,2885,23600,,
1441289,51,2026-09-17,2885,23600,,
1441289,83,2026-09-17,2885,23600,,
1446609,17,2026-09-18,1100,23600,,
1446609,18,2026-09-18,1100,23600,,
1446609,19,2026-09-18,1100,23600,,
1446609,20,2026-09-18,1100,23600,,
1446609,25,2026-09-18,1100,23600,,
1446609,26,2026-09-18,1100,23600,,
1463190,17,2026-09-19,1387,23600,,
1463190,18,2026-09-19,1387,23600,,
1463190,19,2026-09-19,1422,23600,,
1463190,20,2026-09-19,1422,23600,,
1463190,50,2026-09-19,1387,23600,,
1464454,17,2026-09-18,1526,23600,,
1464454,17,2026-09-19,1527,23600,,
1464454,18,2026-09-18,1526,23600,,
1464454,18,2026-09-19,1527,23600,,
1464454,50,2026-09-18,1526,23600,,
1464454,50,2026-09-19,1527,23600,,
1464454,87,2026-09-18,1526,23600,,
1464454,87,2026-09-19,1527,23600,,
1464876,27,2026-09-20,2516,23600,,
1464876,28,2026-09-20,2516,23600,,
1464876,35,2026-09-20,2619,23600,,
1464876,36,2026-09-20,2619,23600,,
1472544,25,2026-09-18,1286,23600,,
1472544,26,2026-09-18,1286,23600,,
1523458,35,2026-11-20,2333,20000,,
1523458,35,2026-11-21,2333,20000,,
1523458,35,2026-11-23,2333,20000,,
1523458,35,2026-11-24,2333,20000,,
1523458,35,2026-11-26,2333,20000,,
1523458,35,2026-11-27,2333,20000,,
1523458,35,2026-11-28,2333,20000,,
1523458,35,2026-11-29,2333,20000,,
1523458,35,2026-11-30,2333,20000,,
1523458,35,2026-12-01,2333,20000,,
1523458,35,2026-12-02,2333,20000,,
1523458,35,2026-12-03,2333,20000,,
1523458,35,2026-12-04,2333,20000,,
1523458,35,2026-12-05,2333,20000,,
1523458,35,2026-12-06,2333,20000,,
1523458,35,2026-12-07,2333,20000,,
1523458,35,2026-12-08,2333,20000,,
1523458,35,2026-12-09,2333,20000,,
1523458,35,2026-12-10,2333,20000,,
1523458,35,2026-12-11,2333,20000,,
1523458,35,2026-12-12,2333,20000,,
1523458,35,2026-12-13,2333,20000,,
1523458,35,2026-12-14,2333,20000,,
1523458,35,2026-12-15,2333,20000,,
1523458,35,2026-12-16,2333,20000,,
1523458,36,2026-11-20,2333,20000,,
1523458,36,2026-11-21,2333,20000,,
1523458,36,2026-11-23,2333,20000,,
1523458,36,2026-11-24,2333,20000,,
1523458,36,2026-11-26,2333,20000,,
1523458,36,2026-11-27,2333,20000,,
1523458,36,2026-11-28,2333,20000,,
1523458,36,2026-11-29,2333,20000,,
1523458,36,2026-11-30,2333,20000,,
1523458,36,2026-12-01,2333,20000,,
1523458,36,2026-12-02,2333,20000,,
1523458,36,2026-12-03,2333,20000,,
1523458,36,2026-12-04,2333,20000,,
1523458,36,2026-12-05,2333,20000,,
1523458,36,2026-12-06,2333,20000,,
1523458,36,2026-12-07,2333,20000,,
1523458,36,2026-12-08,2333,20000,,
1523458,36,2026-12-09,2333,20000,,
1523458,36,2026-12-10,2333,20000,,
1523458,36,2026-12-11,2333,20000,,
1523458,36,2026-12-12,2333,20000,,
1523458,36,2026-12-13,2333,20000,,
1523458,36,2026-12-14,2333,20000,,
1523458,36,2026-12-15,2333,20000,,
1523458,36,2026-12-16,2333,20000,,
1523458,40,2026-10-19,1794,20000,,
1523458,40,2026-10-20,1794,20000,,
1523458,83,2026-10-19,1725,20000,,
1523458,83,2026-10-20,1725,20000,,
1766640,15,2026-09-18,1221,23600,,
1766640,16,2026-09-18,1221,23600,,
1766640,38,2026-09-18,1221,23600,,
1766640,52,2026-09-18,1221,23600,,
2010412,17,2026-09-18,1297,23600,,
2010412,18,2026-09-18,1297,23600,,
2010412,25,2026-09-18,1297,23600,,
2010412,26,2026-09-18,1297,23600,,
2010412,50,2026-09-18,1297,23600,,
2052429,19,2026-10-20,1868,20000,,
2052429,19,2026-11-24,1868,20000,,
2052429,19,2026-11-30,1868,20000,,
2052429,19,2026-12-01,1868,20000,,
2052429,19,2026-12-02,1868,20000,,
2052429,19,2026-12-04,1868,20000,,
2052429,19,2026-12-05,1868,20000,,
2052429,19,2026-12-08,1868,20000,,
2052429,19,2026-12-09,1868,20000,,
2052429,20,2026-10-20,1868,20000,,
2052429,20,2026-11-24,1868,20000,,
2052429,20,2026-11-30,1868,20000,,
2052429,20,2026-12-01,1868,20000,,
2052429,20,2026-12-02,1868,20000,,
2052429,20,2026-12-04,1868,20000,,
2052429,20,2026-12-05,1868,20000,,
2052429,20,2026-12-08,1868,20000,,
2052429,20,2026-12-09,1868,20000,,
2052429,21,2026-10-20,1903,20000,,
2052429,21,2026-11-24,1903,20000,,
2052429,21,2026-11-30,1903,20000,,
2052429,21,2026-12-01,1903,20000,,
2052429,21,2026-12-02,1903,20000,,
2052429,21,2026-12-04,1903,20000,,
2052429,21,2026-12-05,1903,20000,,
2052429,21,2026-12-08,1903,20000,,
2052429,21,2026-12-09,1903,20000,,
2052429,22,2026-10-20,1903,20000,,
2052429,22,2026-11-24,1903,20000,,
2052429,22,2026-11-30,1903,20000,,
2052429,22,2026-12-01,1903,20000,,
2052429,22,2026-12-02,1903,20000,,
2052429,22,2026-12-04,1903,20000,,
2052429,22,2026-12-05,1903,20000,,
2052429,22,2026-12-08,1903,20000,,
2052429,22,2026-12-09,1903,20000,,
2052429,25,2026-10-18,2177,20000,,
2052429,25,2026-10-19,2177,20000,,
2052429,25,2026-10-21,2161,20000,,
2052429,25,2026-10-22,2161,20000,,
2052429,25,2026-10-23,2160,20000,,
2052429,25,2026-10-24,2160,20000,,
2052429,25,2026-10-26,2160,20000,,
2052429,25,2026-10-27,2160,20000,,
2052429,25,2026-10-28,2160,20000,,
2052429,25,2026-10-29,2160,20000,,
2052429,25,2026-10-30,2160,20000,,
2052429,25,2026-10-31,2160,20000,,
2052429,25,2026-11-01,2160,20000,,
2052429,25,2026-11-17,2160,20000,,
2052429,25,2026-11-18,2160,20000,,
2052429,25,2026-11-19,2160,20000,,
2052429,25,2026-11-20,2160,20000,,
2052429,25,2026-11-21,2160,20000,,
2052429,25,2026-11-22,2160,20000,,
2052429,25,2026-11-23,2160,20000,,
2052429,25,2026-11-25,2160,20000,,
2052429,25,2026-11-26,2160,20000,,
2052429,25,2026-11-27,2160,20000,,
2052429,25,2026-11-28,2160,20000,,
2052429,25,2026-11-29,2160,20000,,
2052429,25,2026-12-03,2160,20000,,
2052429,25,2026-12-06,2160,20000,,
2052429,25,2026-12-07,2160,20000,,
2052429,25,2026-12-10,2160,20000,,
2052429,25,2026-12-11,2160,20000,,
2052429,25,2026-12-12,2160,20000,,
2052429,25,2026-12-13,2160,20000,,
2052429,25,2026-12-14,2160,20000,,
2052429,25,2026-12-15,2160,20000,,
2052429,25,2026-12-16,2160,20000,,
2052429,26,2026-10-18,2177,20000,,
2052429,26,2026-10-19,2177,20000,,
2052429,26,2026-10-21,2161,20000,,
2052429,26,2026-10-22,2161,20000,,
2052429,26,2026-10-23,2160,20000,,
2052429,26,2026-10-24,2160,20000,,
2052429,26,2026-10-26,2160,20000,,
2052429,26,2026-10-27,2160,20000,,
2052429,26,2026-10-28,2160,20000,,
2052429,26,2026-10-29,2160,20000,,
2052429,26,2026-10-30,2160,20000,,
2052429,26,2026-10-31,2160,20000,,
2052429,26,2026-11-01,2160,20000,,
2052429,26,2026-11-17,2160,20000,,
2052429,26,2026-11-18,2160,20000,,
2052429,26,2026-11-19,2160,20000,,
2052429,26,2026-11-20,2160,20000,,
2052429,26,2026-11-21,2160,20000,,
2052429,26,2026-11-22,2160,20000,,
2052429,26,2026-11-23,2160,20000,,
2052429,26,2026-11-25,2160,20000,,
2052429,26,2026-11-26,2160,20000,,
2052429,26,2026-11-27,2160,20000,,
2052429,26,2026-11-28,2160,20000,,
2052429,26,2026-11-29,2160,20000,,
2052429,26,2026-12-03,2160,20000,,
2052429,26,2026-12-06,2160,20000,,
2052429,26,2026-12-07,2160,20000,,
2052429,26,2026-12-10,2160,20000,,
2052429,26,2026-12-11,2160,20000,,
2052429,26,2026-12-12,2160,20000,,
2052429,26,2026-12-13,2160,20000,,
2052429,26,2026-12-14,2160,20000,,
2052429,26,2026-12-15,2160,20000,,
2052429,26,2026-12-16,2160,20000,,
2052429,39,2026-10-20,1903,20000,,
2052429,39,2026-11-24,1903,20000,,
2052429,39,2026-11-30,1903,20000,,
2052429,39,2026-12-01,1903,20000,,
2052429,39,2026-12-02,1903,20000,,
2052429,39,2026-12-04,1903,20000,,
2052429,39,2026-12-05,1903,20000,,
2052429,39,2026-12-08,1903,20000,,
2052429,39,2026-12-09,1903,20000,,
2052429,51,2026-10-20,1868,20000,,
2052429,51,2026-11-24,1868,20000,,
2052429,51,2026-11-30,1868,20000,,
2052429,51,2026-12-01,1868,20000,,
2052429,51,2026-12-02,1868,20000,,
2052429,51,2026-12-04,1868,20000,,
2052429,51,2026-12-05,1868,20000,,
2052429,51,2026-12-08,1868,20000,,
2052429,51,2026-12-09,1868,20000,,
2052429,83,2026-10-20,1903,20000,,
2052429,83,2026-11-24,1903,20000,,
2052429,83,2026-11-30,1903,20000,,
2052429,83,2026-12-01,1903,20000,,
2052429,83,2026-12-02,1903,20000,,
2052429,83,2026-12-04,1903,20000,,
2052429,83,2026-12-05,1903,20000,,
2052429,83,2026-12-08,1903,20000,,
2052429,83,2026-12-09,1903,20000,,
2076114,17,2026-09-19,1956,20000,,
2076114,18,2026-09-19,1956,20000,,
2076114,19,2026-09-19,1956,20000,,
2076114,20,2026-09-19,1956,20000,,
2076114,50,2026-09-19,1956,20000,,
2076114,51,2026-09-19,1956,20000,,
2076114,87,2026-09-19,1956,20000,,
5000010,19,2026-09-17,1922,23600,,
5000010,20,2026-09-17,1922,23600,,
1324743,27,2026-10-01,2309,27848,,
1324743,28,2026-10-01,2309,27848,,
1336968,29,2026-10-01,5480,20000,,
1336968,30,2026-10-01,5480,20000,,
1336968,31,2026-10-01,5480,20000,,
1336968,32,2026-10-01,5480,20000,,
1336968,33,2026-10-01,5480,20000,,
1336968,34,2026-10-01,5480,20000,,
1336968,35,2026-10-01,5825,20000,,
1336968,36,2026-10-01,5825,20000,,
1336968,57,2026-10-01,5480,20000,,
1523458,27,2026-10-18,2057,20000,,
1523458,27,2026-10-21,2057,20000,,
1523458,27,2026-10-22,2057,20000,,
1523458,27,2026-10-23,2057,20000,,
1523458,27,2026-10-24,2057,20000,,
1523458,27,2026-10-25,2057,20000,,
1523458,27,2026-10-26,2057,20000,,
1523458,27,2026-10-27,2057,20000,,
1523458,27,2026-10-28,2057,20000,,
1523458,27,2026-10-29,2057,20000,,
1523458,27,2026-10-30,2057,20000,,
1523458,27,2026-10-31,2057,20000,,
1523458,27,2026-11-01,2057,20000,,
1523458,27,2026-11-17,2057,20000,,
1523458,27,2026-11-18,2057,20000,,
1523458,27,2026-11-19,2057,20000,,
1523458,27,2026-11-20,2057,20000,,
1523458,27,2026-11-21,2057,20000,,
1523458,27,2026-11-23,2057,20000,,
1523458,27,2026-11-24,2057,20000,,
1523458,27,2026-11-26,2057,20000,,
1523458,27,2026-11-27,2057,20000,,
1523458,27,2026-11-28,2057,20000,,
1523458,27,2026-11-29,2057,20000,,
1523458,27,2026-11-30,2057,20000,,
1523458,27,2026-12-01,2057,20000,,
1523458,27,2026-12-02,2057,20000,,
1523458,27,2026-12-03,2057,20000,,
1523458,27,2026-12-04,2057,20000,,
1523458,27,2026-12-05,2057,20000,,
1523458,27,2026-12-06,2057,20000,,
1523458,27,2026-12-07,2057,20000,,
1523458,27,2026-12-08,2057,20000,,
1523458,27,2026-12-09,2057,20000,,
1523458,27,2026-12-10,2057,20000,,
1523458,27,2026-12-11,2057,20000,,
1523458,27,2026-12-12,2057,20000,,
1523458,27,2026-12-13,2057,20000,,
1523458,27,2026-12-14,2057,20000,,
1523458,27,2026-12-15,2057,20000,,
1523458,27,2026-12-16,2057,20000,,
1523458,28,2026-10-18,2057,20000,,
1523458,28,2026-10-21,2057,20000,,
1523458,28,2026-10-22,2057,20000,,
1523458,28,2026-10-23,2057,20000,,
1523458,28,2026-10-24,2057,20000,,
1523458,28,2026-10-25,2057,20000,,
1523458,28,2026-10-26,2057,20000,,
1523458,28,2026-10-27,2057,20000,,
1523458,28,2026-10-28,2057,20000,,
1523458,28,2026-10-29,2057,20000,,
1523458,28,2026-10-30,2057,20000,,
1523458,28,2026-10-31,2057,20000,,
1523458,28,2026-11-01,2057,20000,,
1523458,28,2026-11-17,2057,20000,,
1523458,28,2026-11-18,2057,20000,,
1523458,28,2026-11-19,2057,20000,,
1523458,28,2026-11-20,2057,20000,,
1523458,28,2026-11-21,2057,20000,,
1523458,28,2026-11-23,2057,20000,,
1523458,28,2026-11-24,2057,20000,,
1523458,28,2026-11-26,2057,20000,,
1523458,28,2026-11-27,2057,20000,,
1523458,28,2026-11-28,2057,20000,,
1523458,28,2026-11-29,2057,20000,,
1523458,28,2026-11-30,2057,20000,,
1523458,28,2026-12-01,2057,20000,,
1523458,28,2026-12-02,2057,20000,,
1523458,28,2026-12-03,2057,20000,,
1523458,28,2026-12-04,2057,20000,,
1523458,28,2026-12-05,2057,20000,,
1523458,28,2026-12-06,2057,20000,,
1523458,28,2026-12-07,2057,20000,,
1523458,28,2026-12-08,2057,20000,,
1523458,28,2026-12-09,2057,20000,,
1523458,28,2026-12-10,2057,20000,,
1523458,28,2026-12-11,2057,20000,,
1523458,28,2026-12-12,2057,20000,,
1523458,28,2026-12-13,2057,20000,,
1523458,28,2026-12-14,2057,20000,,
1523458,28,2026-12-15,2057,20000,,
1523458,28,2026-12-16,2057,20000,,
1523458,32,2026-11-20,1988,20000,,
1523458,32,2026-11-21,1988,20000,,
1523458,32,2026-11-23,1988,20000,,
1523458,32,2026-11-24,1988,20000,,
1523458,32,2026-11-26,1988,20000,,
1523458,32,2026-11-27,1988,20000,,
1523458,32,2026-11-28,1988,20000,,
1523458,32,2026-11-29,1988,20000,,
1523458,32,2026-11-30,1988,20000,,
1523458,32,2026-12-01,1988,20000,,
1523458,32,2026-12-02,1988,20000,,
1523458,32,2026-12-03,1988,20000,,
1523458,32,2026-12-04,1988,20000,,
1523458,32,2026-12-05,1988,20000,,
1523458,32,2026-12-06,1988,20000,,
1523458,32,2026-12-07,1988,20000,,
1523458,32,2026-12-08,1988,20000,,
1523458,32,2026-12-09,1988,20000,,
1523458,32,2026-12-10,1988,20000,,
1523458,32,2026-12-11,1988,20000,,
1523458,32,2026-12-12,1988,20000,,
1523458,32,2026-12-13,1988,20000,,
1523458,32,2026-12-14,1988,20000,,
1523458,32,2026-12-15,1988,20000,,
1523458,32,2026-12-16,1988,20000,,
1523458,33,2026-11-20,1988,20000,,
1523458,33,2026-11-21,1988,20000,,
1523458,33,2026-11-23,1988,20000,,
1523458,33,2026-11-24,1988,20000,,
1523458,33,2026-11-26,1988,20000,,
1523458,33,2026-11-27,1988,20000,,
1523458,33,2026-11-28,1988,20000,,
1523458,33,2026-11-29,1988,20000,,
1523458,33,2026-11-30,1988,20000,,
1523458,33,2026-12-01,1988,20000,,
1523458,33,2026-12-02,1988,20000,,
1523458,33,2026-12-03,1988,20000,,
1523458,33,2026-12-04,1988,20000,,
1523458,33,2026-12-05,1988,20000,,
1523458,33,2026-12-06,1988,20000,,
1523458,33,2026-12-07,1988,20000,,
1523458,33,2026-12-08,1988,20000,,
1523458,33,2026-12-09,1988,20000,,
1523458,33,2026-12-10,1988,20000,,
1523458,33,2026-12-11,1988,20000,,
1523458,33,2026-12-12,1988,20000,,
1523458,33,2026-12-13,1988,20000,,
1523458,33,2026-12-14,1988,20000,,
1523458,33,2026-12-15,1988,20000,,
1523458,33,2026-12-16,1988,20000,,
1523458,34,2026-11-20,1988,20000,,
1523458,34,2026-11-21,1988,20000,,
1523458,34,2026-11-23,1988,20000,,
1523458,34,2026-11-24,1988,20000,,
1523458,34,2026-11-26,1988,20000,,
1523458,34,2026-11-27,1988,20000,,
1523458,34,2026-11-28,1988,20000,,
1523458,34,2026-11-29,1988,20000,,
1523458,34,2026-11-30,1988,20000,,
1523458,34,2026-12-01,1988,20000,,
1523458,34,2026-12-02,1988,20000,,
1523458,34,2026-12-03,1988,20000,,
1523458,34,2026-12-04,1988,20000,,
1523458,34,2026-12-05,1988,20000,,
1523458,34,2026-12-06,1988,20000,,
1523458,34,2026-12-07,1988,20000,,
1523458,34,2026-12-08,1988,20000,,
1523458,34,2026-12-09,1988,20000,,
1523458,34,2026-12-10,1988,20000,,
1523458,34,2026-12-11,1988,20000,,
1523458,34,2026-12-12,1988,20000,,
1523458,34,2026-12-13,1988,20000,,
1523458,34,2026-12-14,1988,20000,,
1523458,34,2026-12-15,1988,20000,,
1523458,34,2026-12-16,1988,20000,,
2031596,27,2026-10-01,1987,23600,,
2031596,28,2026-10-01,1987,23600,,
2031596,32,2026-10-01,1884,23600,,
2031596,33,2026-10-01,1884,23600,,
2031596,34,2026-10-01,1884,23600,,
2052429,23,2026-10-18,2039,20000,,
2052429,23,2026-10-19,2039,20000,,
2052429,23,2026-10-21,2023,20000,,
2052429,23,2026-10-22,2023,20000,,
2052429,23,2026-10-23,2022,20000,,
2052429,23,2026-10-24,2022,20000,,
2052429,23,2026-10-26,2022,20000,,
2052429,23,2026-10-27,2022,20000,,
2052429,23,2026-10-28,2022,20000,,
2052429,23,2026-10-29,2022,20000,,
2052429,23,2026-10-30,2022,20000,,
2052429,23,2026-10-31,2022,20000,,
2052429,23,2026-11-01,2022,20000,,
2052429,23,2026-11-17,2022,20000,,
2052429,23,2026-11-18,2022,20000,,
2052429,23,2026-11-19,2022,20000,,
2052429,23,2026-11-20,2022,20000,,
2052429,23,2026-11-21,2022,20000,,
2052429,23,2026-11-22,2022,20000,,
2052429,23,2026-11-23,2022,20000,,
2052429,23,2026-11-25,2022,20000,,
2052429,23,2026-11-26,2022,20000,,
2052429,23,2026-11-27,2022,20000,,
2052429,23,2026-11-28,2022,20000,,
2052429,23,2026-11-29,2022,20000,,
2052429,23,2026-12-03,2022,20000,,
2052429,23,2026-12-06,2022,20000,,
2052429,23,2026-12-07,2022,20000,,
2052429,23,2026-12-10,2022,20000,,
2052429,23,2026-12-11,2022,20000,,
2052429,23,2026-12-12,2022,20000,,
2052429,23,2026-12-13,2022,20000,,
2052429,23,2026-12-14,2022,20000,,
2052429,23,2026-12-15,2022,20000,,
2052429,23,2026-12-16,2022,20000,,
2052429,24,2026-10-18,2039,20000,,
2052429,24,2026-10-19,2039,20000,,
2052429,24,2026-10-21,2023,20000,,
2052429,24,2026-10-22,2023,20000,,
2052429,24,2026-10-23,2022,20000,,
2052429,24,2026-10-24,2022,20000,,
2052429,24,2026-10-26,2022,20000,,
2052429,24,2026-10-27,2022,20000,,
2052429,24,2026-10-28,2022,20000,,
2052429,24,2026-10-29,2022,20000,,
2052429,24,2026-10-30,2022,20000,,
2052429,24,2026-10-31,2022,20000,,
2052429,24,2026-11-01,2022,20000,,
2052429,24,2026-11-17,2022,20000,,
2052429,24,2026-11-18,2022,20000,,
2052429,24,2026-11-19,2022,20000,,
2052429,24,2026-11-20,2022,20000,,
2052429,24,2026-11-21,2022,20000,,
2052429,24,2026-11-22,2022,20000,,
2052429,24,2026-11-23,2022,20000,,
2052429,24,2026-11-25,2022,20000,,
2052429,24,2026-11-26,2022,20000,,
2052429,24,2026-11-27,2022,20000,,
2052429,24,2026-11-28,2022,20000,,
2052429,24,2026-11-29,2022,20000,,
2052429,24,2026-12-03,2022,20000,,
2052429,24,2026-12-06,2022,20000,,
2052429,24,2026-12-07,2022,20000,,
2052429,24,2026-12-10,2022,20000,,
2052429,24,2026-12-11,2022,20000,,
2052429,24,2026-12-12,2022,20000,,
2052429,24,2026-12-13,2022,20000,,
2052429,24,2026-12-14,2022,20000,,
2052429,24,2026-12-15,2022,20000,,
2052429,24,2026-12-16,2022,20000,,
2052429,40,2026-10-18,2039,20000,,
2052429,40,2026-10-19,2039,20000,,
2052429,40,2026-10-21,2023,20000,,
2052429,40,2026-10-22,2023,20000,,
2052429,40,2026-10-23,2022,20000,,
2052429,40,2026-10-24,2022,20000,,
2052429,40,2026-10-26,2022,20000,,
2052429,40,2026-10-27,2022,20000,,
2052429,40,2026-10-28,2022,20000,,
2052429,40,2026-10-29,2022,20000,,
2052429,40,2026-10-30,2022,20000,,
2052429,40,2026-10-31,2022,20000,,
2052429,40,2026-11-01,2022,20000,,
2052429,40,2026-11-17,2022,20000,,
2052429,40,2026-11-18,2022,20000,,
2052429,40,2026-11-19,2022,20000,,
2052429,40,2026-11-20,2022,20000,,
2052429,40,2026-11-21,2022,20000,,
2052429,40,2026-11-22,2022,20000,,
2052429,40,2026-11-23,2022,20000,,
2052429,40,2026-11-25,2022,20000,,
2052429,40,2026-11-26,2022,20000,,
2052429,40,2026-11-27,2022,20000,,
2052429,40,2026-11-28,2022,20000,,
2052429,40,2026-11-29,2022,20000,,
2052429,40,2026-12-03,2022,20000,,
2052429,40,2026-12-06,2022,20000,,
2052429,40,2026-12-07,2022,20000,,
2052429,40,2026-12-10,2022,20000,,
2052429,40,2026-12-11,2022,20000,,
2052429,40,2026-12-12,2022,20000,,
2052429,40,2026-12-13,2022,20000,,
2052429,40,2026-12-14,2022,20000,,
2052429,40,2026-12-15,2022,20000,,
2052429,40,2026-12-16,2022,20000,,
5000010,17,2026-09-17,1715,23600,,
5000010,18,2026-09-17,1715,23600,,
5000010,50,2026-09-17,1715,23600,,
1324743,21,2026-10-01,1895,27848,,
1324743,22,2026-10-01,1895,27848,,
1324743,23,2026-10-01,1964,27848,,
1324743,24,2026-10-01,1964,27848,,
1324743,39,2026-10-01,1895,27848,,
1324743,40,2026-10-01,1964,27848,,
1324743,83,2026-10-01,1895,27848,,
1441289,17,2026-09-17,2540,23600,,
1441289,18,2026-09-17,2540,23600,,
1441289,50,2026-09-17,2540,23600,,
1441289,87,2026-09-17,2540,23600,,
1464876,23,2026-09-20,1998,23600,,
1464876,24,2026-09-20,1998,23600,,
1464876,29,2026-09-20,1964,23600,,
1464876,30,2026-09-20,1964,23600,,
1464876,31,2026-09-20,1964,23600,,
1464876,32,2026-09-20,2102,23600,,
1464876,33,2026-09-20,2102,23600,,
1464876,34,2026-09-20,2102,23600,,
1464876,40,2026-09-20,1998,23600,,
1464876,57,2026-09-20,1964,23600,,
1523458,29,2026-11-20,1850,20000,,
1523458,29,2026-11-21,1850,20000,,
1523458,29,2026-11-23,1850,20000,,
1523458,29,2026-11-24,1850,20000,,
1523458,29,2026-11-26,1850,20000,,
1523458,29,2026-11-27,1850,20000,,
1523458,29,2026-11-28,1850,20000,,
1523458,29,2026-11-29,1850,20000,,
1523458,29,2026-11-30,1850,20000,,
1523458,29,2026-12-01,1850,20000,,
1523458,29,2026-12-02,1850,20000,,
1523458,29,2026-12-03,1850,20000,,
1523458,29,2026-12-04,1850,20000,,
1523458,29,2026-12-05,1850,20000,,
1523458,29,2026-12-06,1850,20000,,
1523458,29,2026-12-07,1850,20000,,
1523458,29,2026-12-08,1850,20000,,
1523458,29,2026-12-09,1850,20000,,
1523458,29,2026-12-10,1850,20000,,
1523458,29,2026-12-11,1850,20000,,
1523458,29,2026-12-12,1850,20000,,
1523458,29,2026-12-13,1850,20000,,
1523458,29,2026-12-14,1850,20000,,
1523458,29,2026-12-15,1850,20000,,
1523458,29,2026-12-16,1850,20000,,
1523458,30,2026-11-20,1850,20000,,
1523458,30,2026-11-21,1850,20000,,
1523458,30,2026-11-23,1850,20000,,
1523458,30,2026-11-24,1850,20000,,
1523458,30,2026-11-26,1850,20000,,
1523458,30,2026-11-27,1850,20000,,
1523458,30,2026-11-28,1850,20000,,
1523458,30,2026-11-29,1850,20000,,
1523458,30,2026-11-30,1850,20000,,
1523458,30,2026-12-01,1850,20000,,
1523458,30,2026-12-02,1850,20000,,
1523458,30,2026-12-03,1850,20000,,
1523458,30,2026-12-04,1850,20000,,
1523458,30,2026-12-05,1850,20000,,
1523458,30,2026-12-06,1850,20000,,
1523458,30,2026-12-07,1850,20000,,
1523458,30,2026-12-08,1850,20000,,
1523458,30,2026-12-09,1850,20000,,
1523458,30,2026-12-10,1850,20000,,
1523458,30,2026-12-11,1850,20000,,
1523458,30,2026-12-12,1850,20000,,
1523458,30,2026-12-13,1850,20000,,
1523458,30,2026-12-14,1850,20000,,
1523458,30,2026-12-15,1850,20000,,
1523458,30,2026-12-16,1850,20000,,
1523458,31,2026-11-20,1850,20000,,
1523458,31,2026-11-21,1850,20000,,
1523458,31,2026-11-23,1850,20000,,
1523458,31,2026-11-24,1850,20000,,
1523458,31,2026-11-26,1850,20000,,
1523458,31,2026-11-27,1850,20000,,
1523458,31,2026-11-28,1850,20000,,
1523458,31,2026-11-29,1850,20000,,
1523458,31,2026-11-30,1850,20000,,
1523458,31,2026-12-01,1850,20000,,
1523458,31,2026-12-02,1850,20000,,
1523458,31,2026-12-03,1850,20000,,
1523458,31,2026-12-04,1850,20000,,
1523458,31,2026-12-05,1850,20000,,
1523458,31,2026-12-06,1850,20000,,
1523458,31,2026-12-07,1850,20000,,
1523458,31,2026-12-08,1850,20000,,
1523458,31,2026-12-09,1850,20000,,
1523458,31,2026-12-10,1850,20000,,
1523458,31,2026-12-11,1850,20000,,
1523458,31,2026-12-12,1850,20000,,
1523458,31,2026-12-13,1850,20000,,
1523458,31,2026-12-14,1850,20000,,
1523458,31,2026-12-15,1850,20000,,
1523458,31,2026-12-16,1850,20000,,
1523458,57,2026-11-20,1850,20000,,
1523458,57,2026-11-21,1850,20000,,
1523458,57,2026-11-23,1850,20000,,
1523458,57,2026-11-24,1850,20000,,
1523458,57,2026-11-26,1850,20000,,
1523458,57,2026-11-27,1850,20000,,
1523458,57,2026-11-28,1850,20000,,
1523458,57,2026-11-29,1850,20000,,
1523458,57,2026-11-30,1850,20000,,
1523458,57,2026-12-01,1850,20000,,
1523458,57,2026-12-02,1850,20000,,
1523458,57,2026-12-03,1850,20000,,
1523458,57,2026-12-04,1850,20000,,
1523458,57,2026-12-05,1850,20000,,
1523458,57,2026-12-06,1850,20000,,
1523458,57,2026-12-07,1850,20000,,
1523458,57,2026-12-08,1850,20000,,
1523458,57,2026-12-09,1850,20000,,
1523458,57,2026-12-10,1850,20000,,
1523458,57,2026-12-11,1850,20000,,
1523458,57,2026-12-12,1850,20000,,
1523458,57,2026-12-13,1850,20000,,
1523458,57,2026-12-14,1850,20000,,
1523458,57,2026-12-15,1850,20000,,
1523458,57,2026-12-16,1850,20000,,
2011351,25,2026-09-20,1691,23600,,
2011351,26,2026-09-20,1691,23600,,
2031596,29,2026-10-01,1780,23600,,
2031596,30,2026-10-01,1780,23600,,
2031596,31,2026-10-01,1780,23600,,
2031596,57,2026-10-01,1780,23600,,
2052429,17,2026-10-20,1696,20000,,
2052429,17,2026-11-24,1696,20000,,
2052429,17,2026-11-30,1696,20000,,
2052429,17,2026-12-01,1696,20000,,
2052429,17,2026-12-02,1696,20000,,
2052429,17,2026-12-04,1696,20000,,
2052429,17,2026-12-05,1696,20000,,
2052429,17,2026-12-08,1696,20000,,
2052429,17,2026-12-09,1696,20000,,
2052429,18,2026-10-20,1696,20000,,
2052429,18,2026-11-24,1696,20000,,
2052429,18,2026-11-30,1696,20000,,
2052429,18,2026-12-01,1696,20000,,
2052429,18,2026-12-02,1696,20000,,
2052429,18,2026-12-04,1696,20000,,
2052429,18,2026-12-05,1696,20000,,
2052429,18,2026-12-08,1696,20000,,
2052429,18,2026-12-09,1696,20000,,
2052429,19,2026-10-18,1832,20000,,
2052429,19,2026-10-19,1832,20000,,
2052429,20,2026-10-18,1832,20000,,
2052429,20,2026-10-19,1832,20000,,
2052429,21,2026-10-18,1866,20000,,
2052429,21,2026-10-19,1866,20000,,
2052429,21,2026-10-21,1850,20000,,
2052429,21,2026-10-22,1850,20000,,
2052429,21,2026-10-23,1850,20000,,
2052429,21,2026-10-24,1850,20000,,
2052429,21,2026-10-26,1850,20000,,
2052429,21,2026-10-27,1850,20000,,
2052429,21,2026-10-28,1850,20000,,
2052429,21,2026-10-29,1850,20000,,
2052429,21,2026-10-30,1850,20000,,
2052429,21,2026-10-31,1850,20000,,
2052429,21,2026-11-01,1850,20000,,
2052429,21,2026-11-17,1850,20000,,
2052429,21,2026-11-18,1850,20000,,
2052429,21,2026-11-19,1850,20000,,
2052429,21,2026-11-20,1850,20000,,
2052429,21,2026-11-21,1850,20000,,
2052429,21,2026-11-22,1850,20000,,
2052429,21,2026-11-23,1850,20000,,
2052429,21,2026-11-25,1850,20000,,
2052429,21,2026-11-26,1850,20000,,
2052429,21,2026-11-27,1850,20000,,
2052429,21,2026-11-28,1850,20000,,
2052429,21,2026-11-29,1850,20000,,
2052429,21,2026-12-03,1850,20000,,
2052429,21,2026-12-06,1850,20000,,
2052429,21,2026-12-07,1850,20000,,
2052429,21,2026-12-10,1850,20000,,
2052429,21,2026-12-11,1850,20000,,
2052429,21,2026-12-12,1850,20000,,
2052429,21,2026-12-13,1850,20000,,
2052429,21,2026-12-14,1850,20000,,
2052429,21,2026-12-15,1850,20000,,
2052429,21,2026-12-16,1850,20000,,
2052429,22,2026-10-18,1866,20000,,
2052429,22,2026-10-19,1866,20000,,
2052429,22,2026-10-21,1850,20000,,
2052429,22,2026-10-22,1850,20000,,
2052429,22,2026-10-23,1850,20000,,
2052429,22,2026-10-24,1850,20000,,
2052429,22,2026-10-26,1850,20000,,
2052429,22,2026-10-27,1850,20000,,
2052429,22,2026-10-28,1850,20000,,
2052429,22,2026-10-29,1850,20000,,
2052429,22,2026-10-30,1850,20000,,
2052429,22,2026-10-31,1850,20000,,
2052429,22,2026-11-01,1850,20000,,
2052429,22,2026-11-17,1850,20000,,
2052429,22,2026-11-18,1850,20000,,
2052429,22,2026-11-19,1850,20000,,
2052429,22,2026-11-20,1850,20000,,
2052429,22,2026-11-21,1850,20000,,
2052429,22,2026-11-22,1850,20000,,
2052429,22,2026-11-23,1850,20000,,
2052429,22,2026-11-25,1850,20000,,
2052429,22,2026-11-26,1850,20000,,
2052429,22,2026-11-27,1850,20000,,
2052429,22,2026-11-28,1850,20000,,
2052429,22,2026-11-29,1850,20000,,
2052429,22,2026-12-03,1850,20000,,
2052429,22,2026-12-06,1850,20000,,
2052429,22,2026-12-07,1850,20000,,
2052429,22,2026-12-10,1850,20000,,
2052429,22,2026-12-11,1850,20000,,
2052429,22,2026-12-12,1850,20000,,
2052429,22,2026-12-13,1850,20000,,
2052429,22,2026-12-14,1850,20000,,
2052429,22,2026-12-15,1850,20000,,
2052429,22,2026-12-16,1850,20000,,
2052429,39,2026-10-18,1866,20000,,
2052429,39,2026-10-19,1866,20000,,
2052429,39,2026-10-21,1850,20000,,
2052429,39,2026-10-22,1850,20000,,
2052429,39,2026-10-23,1850,20000,,
2052429,39,2026-10-24,1850,20000,,
2052429,39,2026-10-26,1850,20000,,
2052429,39,2026-10-27,1850,20000,,
2052429,39,2026-10-28,1850,20000,,
2052429,39,2026-10-29,1850,20000,,
2052429,39,2026-10-30,1850,20000,,
2052429,39,2026-10-31,1850,20000,,
2052429,39,2026-11-01,1850,20000,,
2052429,39,2026-11-17,1850,20000,,
2052429,39,2026-11-18,1850,20000,,
2052429,39,2026-11-19,1850,20000,,
2052429,39,2026-11-20,1850,20000,,
2052429,39,2026-11-21,1850,20000,,
2052429,39,2026-11-22,1850,20000,,
2052429,39,2026-11-23,1850,20000,,
2052429,39,2026-11-25,1850,20000,,
2052429,39,2026-11-26,1850,20000,,
2052429,39,2026-11-27,1850,20000,,
2052429,39,2026-11-28,1850,20000,,
2052429,39,2026-11-29,1850,20000,,
2052429,39,2026-12-03,1850,20000,,
2052429,39,2026-12-06,1850,20000,,
2052429,39,2026-12-07,1850,20000,,
2052429,39,2026-12-10,1850,20000,,
2052429,39,2026-12-11,1850,20000,,
2052429,39,2026-12-12,1850,20000,,
2052429,39,2026-12-13,1850,20000,,
2052429,39,2026-12-14,1850,20000,,
2052429,39,2026-12-15,1850,20000,,
2052429,39,2026-12-16,1850,20000,,
2052429,50,2026-10-20,1696,20000,,
2052429,50,2026-11-24,1696,20000,,
2052429,50,2026-11-30,1696,20000,,
2052429,50,2026-12-01,1696,20000,,
2052429,50,2026-12-02,1696,20000,,
2052429,50,2026-12-04,1696,20000,,
2052429,50,2026-12-05,1696,20000,,
2052429,50,2026-12-08,1696,20000,,
2052429,50,2026-12-09,1696,20000,,
2052429,51,2026-10-18,1832,20000,,
2052429,51,2026-10-19,1832,20000,,
2052429,83,2026-10-18,1866,20000,,
2052429,83,2026-10-19,1866,20000,,
2052429,83,2026-10-21,1850,20000,,
2052429,83,2026-10-22,1850,20000,,
2052429,83,2026-10-23,1850,20000,,
2052429,83,2026-10-24,1850,20000,,
2052429,83,2026-10-26,1850,20000,,
2052429,83,2026-10-27,1850,20000,,
2052429,83,2026-10-28,1850,20000,,
2052429,83,2026-10-29,1850,20000,,
2052429,83,2026-10-30,1850,20000,,
2052429,83,2026-10-31,1850,20000,,
2052429,83,2026-11-01,1850,20000,,
2052429,83,2026-11-17,1850,20000,,
2052429,83,2026-11-18,1850,20000,,
2052429,83,2026-11-19,1850,20000,,
2052429,83,2026-11-20,1850,20000,,
2052429,83,2026-11-21,1850,20000,,
2052429,83,2026-11-22,1850,20000,,
2052429,83,2026-11-23,1850,20000,,
2052429,83,2026-11-25,1850,20000,,
2052429,83,2026-11-26,1850,20000,,
2052429,83,2026-11-27,1850,20000,,
2052429,83,2026-11-28,1850,20000,,
2052429,83,2026-11-29,1850,20000,,
2052429,83,2026-12-03,1850,20000,,
2052429,83,2026-12-06,1850,20000,,
2052429,83,2026-12-07,1850,20000,,
2052429,83,2026-12-10,1850,20000,,
2052429,83,2026-12-11,1850,20000,,
2052429,83,2026-12-12,1850,20000,,
2052429,83,2026-12-13,1850,20000,,
2052429,83,2026-12-14,1850,20000,,
2052429,83,2026-12-15,1850,20000,,
2052429,83,2026-12-16,1850,20000,,
2052429,87,2026-10-20,1696,20000,,
2052429,87,2026-11-24,1696,20000,,
2052429,87,2026-11-30,1696,20000,,
2052429,87,2026-12-01,1696,20000,,
2052429,87,2026-12-02,1696,20000,,
2052429,87,2026-12-04,1696,20000,,
2052429,87,2026-12-05,1696,20000,,
2052429,87,2026-12-08,1696,20000,,
2052429,87,2026-12-09,1696,20000,,
0003211,16,2026-10-01,1610,23600,,
0327829,27,2026-10-01,1559,23600,,
0327829,28,2026-10-01,1559,23600,,
1324743,19,2026-10-01,1688,27848,,
1324743,20,2026-10-01,1688,27848,,
1464876,21,2026-09-20,1860,23600,,
1464876,22,2026-09-20,1860,23600,,
1464876,39,2026-09-20,1860,23600,,
1464876,83,2026-09-20,1860,23600,,
1523458,23,2026-11-20,1712,20000,,
1523458,23,2026-11-21,1712,20000,,
1523458,23,2026-11-23,1712,20000,,
1523458,23,2026-11-24,1712,20000,,
1523458,23,2026-11-26,1712,20000,,
1523458,23,2026-11-27,1712,20000,,
1523458,23,2026-11-28,1712,20000,,
1523458,23,2026-11-29,1712,20000,,
1523458,23,2026-11-30,1712,20000,,
1523458,23,2026-12-01,1712,20000,,
1523458,23,2026-12-02,1712,20000,,
1523458,23,2026-12-03,1712,20000,,
1523458,23,2026-12-04,1712,20000,,
1523458,23,2026-12-05,1712,20000,,
1523458,23,2026-12-06,1712,20000,,
1523458,23,2026-12-07,1712,20000,,
1523458,23,2026-12-08,1712,20000,,
1523458,23,2026-12-09,1712,20000,,
1523458,23,2026-12-10,1712,20000,,
1523458,23,2026-12-11,1712,20000,,
1523458,23,2026-12-12,1712,20000,,
1523458,23,2026-12-13,1712,20000,,
1523458,23,2026-12-14,1712,20000,,
1523458,23,2026-12-15,1712,20000,,
1523458,23,2026-12-16,1712,20000,,
1523458,24,2026-11-20,1712,20000,,
1523458,24,2026-11-21,1712,20000,,
1523458,24,2026-11-23,1712,20000,,
1523458,24,2026-11-24,1712,20000,,
1523458,24,2026-11-26,1712,20000,,
1523458,24,2026-11-27,1712,20000,,
1523458,24,2026-11-28,1712,20000,,
1523458,24,2026-11-29,1712,20000,,
1523458,24,2026-11-30,1712,20000,,
1523458,24,2026-12-01,1712,20000,,
1523458,24,2026-12-02,1712,20000,,
1523458,24,2026-12-03,1712,20000,,
1523458,24,2026-12-04,1712,20000,,
1523458,24,2026-12-05,1712,20000,,
1523458,24,2026-12-06,1712,20000,,
1523458,24,2026-12-07,1712,20000,,
1523458,24,2026-12-08,1712,20000,,
1523458,24,2026-12-09,1712,20000,,
1523458,24,2026-12-10,1712,20000,,
1523458,24,2026-12-11,1712,20000,,
1523458,24,2026-12-12,1712,20000,,
1523458,24,2026-12-13,1712,20000,,
1523458,24,2026-12-14,1712,20000,,
1523458,24,2026-12-15,1712,20000,,
1523458,24,2026-12-16,1712,20000,,
1523458,40,2026-10-18,1712,20000,,
1523458,40,2026-10-21,1712,20000,,
1523458,40,2026-10-22,1712,20000,,
1523458,40,2026-10-23,1712,20000,,
1523458,40,2026-10-24,1712,20000,,
1523458,40,2026-10-25,1712,20000,,
1523458,40,2026-10-26,1712,20000,,
1523458,40,2026-10-27,1712,20000,,
1523458,40,2026-10-28,1712,20000,,
1523458,40,2026-10-29,1712,20000,,
1523458,40,2026-10-30,1712,20000,,
1523458,40,2026-10-31,1712,20000,,
1523458,40,2026-11-01,1712,20000,,
1523458,40,2026-11-17,1712,20000,,
1523458,40,2026-11-18,1712,20000,,
1523458,40,2026-11-19,1712,20000,,
1523458,40,2026-11-20,1712,20000,,
1523458,40,2026-11-21,1712,20000,,
1523458,40,2026-11-23,1712,20000,,
1523458,40,2026-11-24,1712,20000,,
1523458,40,2026-11-26,1712,20000,,
1523458,40,2026-11-27,1712,20000,,
1523458,40,2026-11-28,1712,20000,,
1523458,40,2026-11-29,1712,20000,,
1523458,40,2026-11-30,1712,20000,,
1523458,40,2026-12-01,1712,20000,,
1523458,40,2026-12-02,1712,20000,,
1523458,40,2026-12-03,1712,20000,,
1523458,40,2026-12-04,1712,20000,,
1523458,40,2026-12-05,1712,20000,,
1523458,40,2026-12-06,1712,20000,,
1523458,40,2026-12-07,1712,20000,,
1523458,40,2026-12-08,1712,20000,,
1523458,40,2026-12-09,1712,20000,,
1523458,40,2026-12-10,1712,20000,,
1523458,40,2026-12-11,1712,20000,,
1523458,40,2026-12-12,1712,20000,,
1523458,40,2026-12-13,1712,20000,,
1523458,40,2026-12-14,1712,20000,,
1523458,40,2026-12-15,1712,20000,,
1523458,40,2026-12-16,1712,20000,,
2052429,17,2026-10-18,1659,20000,,
2052429,17,2026-10-19,1659,20000,,
2052429,18,2026-10-18,1659,20000,,
2052429,18,2026-10-19,1659,20000,,
2052429,19,2026-10-21,1816,20000,,
2052429,19,2026-10-22,1816,20000,,
2052429,19,2026-10-23,1815,20000,,
2052429,19,2026-10-24,1815,20000,,
2052429,19,2026-10-26,1815,20000,,
2052429,19,2026-10-27,1815,20000,,
2052429,19,2026-10-28,1815,20000,,
2052429,19,2026-10-29,1815,20000,,
2052429,19,2026-10-30,1815,20000,,
2052429,19,2026-10-31,1815,20000,,
2052429,19,2026-11-01,1815,20000,,
2052429,19,2026-11-17,1815,20000,,
2052429,19,2026-11-18,1815,20000,,
2052429,19,2026-11-19,1815,20000,,
2052429,19,2026-11-20,1815,20000,,
2052429,19,2026-11-21,1815,20000,,
2052429,19,2026-11-22,1815,20000,,
2052429,19,2026-11-23,1815,20000,,
2052429,19,2026-11-25,1815,20000,,
2052429,19,2026-11-26,1815,20000,,
2052429,19,2026-11-27,1815,20000,,
2052429,19,2026-11-28,1815,20000,,
2052429,19,2026-11-29,1815,20000,,
2052429,19,2026-12-03,1815,20000,,
2052429,19,2026-12-06,1815,20000,,
2052429,19,2026-12-07,1815,20000,,
2052429,19,2026-12-10,1815,20000,,
2052429,19,2026-12-11,1815,20000,,
2052429,19,2026-12-12,1815,20000,,
2052429,19,2026-12-13,1815,20000,,
2052429,19,2026-12-14,1815,20000,,
2052429,19,2026-12-15,1815,20000,,
2052429,19,2026-12-16,1815,20000,,
2052429,20,2026-10-21,1816,20000,,
2052429,20,2026-10-22,1816,20000,,
2052429,20,2026-10-23,1815,20000,,
2052429,20,2026-10-24,1815,20000,,
2052429,20,2026-10-26,1815,20000,,
2052429,20,2026-10-27,1815,20000,,
2052429,20,2026-10-28,1815,20000,,
2052429,20,2026-10-29,1815,20000,,
2052429,20,2026-10-30,1815,20000,,
2052429,20,2026-10-31,1815,20000,,
2052429,20,2026-11-01,1815,20000,,
2052429,20,2026-11-17,1815,20000,,
2052429,20,2026-11-18,1815,20000,,
2052429,20,2026-11-19,1815,20000,,
2052429,20,2026-11-20,1815,20000,,
2052429,20,2026-11-21,1815,20000,,
2052429,20,2026-11-22,1815,20000,,
2052429,20,2026-11-23,1815,20000,,
2052429,20,2026-11-25,1815,20000,,
2052429,20,2026-11-26,1815,20000,,
2052429,20,2026-11-27,1815,20000,,
2052429,20,2026-11-28,1815,20000,,
2052429,20,2026-11-29,1815,20000,,
2052429,20,2026-12-03,1815,20000,,
2052429,20,2026-12-06,1815,20000,,
2052429,20,2026-12-07,1815,20000,,
2052429,20,2026-12-10,1815,20000,,
2052429,20,2026-12-11,1815,20000,,
2052429,20,2026-12-12,1815,20000,,
2052429,20,2026-12-13,1815,20000,,
2052429,20,2026-12-14,1815,20000,,
2052429,20,2026-12-15,1815,20000,,
2052429,20,2026-12-16,1815,20000,,
2052429,50,2026-10-18,1659,20000,,
2052429,50,2026-10-19,1659,20000,,
2052429,51,2026-10-21,1816,20000,,
2052429,51,2026-10-22,1816,20000,,
2052429,51,2026-10-23,1815,20000,,
2052429,51,2026-10-24,1815,20000,,
2052429,51,2026-10-26,1815,20000,,
2052429,51,2026-10-27,1815,20000,,
2052429,51,2026-10-28,1815,20000,,
2052429,51,2026-10-29,1815,20000,,
2052429,51,2026-10-30,1815,20000,,
2052429,51,2026-10-31,1815,20000,,
2052429,51,2026-11-01,1815,20000,,
2052429,51,2026-11-17,1815,20000,,
2052429,51,2026-11-18,1815,20000,,
2052429,51,2026-11-19,1815,20000,,
2052429,51,2026-11-20,1815,20000,,
2052429,51,2026-11-21,1815,20000,,
2052429,51,2026-11-22,1815,20000,,
2052429,51,2026-11-23,1815,20000,,
2052429,51,2026-11-25,1815,20000,,
2052429,51,2026-11-26,1815,20000,,
2052429,51,2026-11-27,1815,20000,,
2052429,51,2026-11-28,1815,20000,,
2052429,51,2026-11-29,1815,20000,,
2052429,51,2026-12-03,1815,20000,,
2052429,51,2026-12-06,1815,20000,,
2052429,51,2026-12-07,1815,20000,,
2052429,51,2026-12-10,1815,20000,,
2052429,51,2026-12-11,1815,20000,,
2052429,51,2026-12-12,1815,20000,,
2052429,51,2026-12-13,1815,20000,,
2052429,51,2026-12-14,1815,20000,,
2052429,51,2026-12-15,1815,20000,,
2052429,51,2026-12-16,1815,20000,,
2052429,87,2026-10-18,1659,20000,,
2052429,87,2026-10-19,1659,20000,,
0003211,15,2026-10-01,1507,23600,,
0003211,38,2026-10-01,1507,23600,,
1324743,17,2026-10-01,1619,27848,,
1324743,18,2026-10-01,1619,27848,,
1324743,50,2026-10-01,1619,27848,,
1523458,21,2026-11-20,1643,20000,,
1523458,21,2026-11-21,1643,20000,,
1523458,21,2026-11-23,1643,20000,,
1523458,21,2026-11-24,1643,20000,,
1523458,21,2026-11-26,1643,20000,,
1523458,21,2026-11-27,1643,20000,,
1523458,21,2026-11-28,1643,20000,,
1523458,21,2026-11-29,1643,20000,,
1523458,21,2026-11-30,1643,20000,,
1523458,21,2026-12-01,1643,20000,,
1523458,21,2026-12-02,1643,20000,,
1523458,21,2026-12-03,1643,20000,,
1523458,21,2026-12-04,1643,20000,,
1523458,21,2026-12-05,1643,20000,,
1523458,21,2026-12-06,1643,20000,,
1523458,21,2026-12-07,1643,20000,,
1523458,21,2026-12-08,1643,20000,,
1523458,21,2026-12-09,1643,20000,,
1523458,21,2026-12-10,1643,20000,,
1523458,21,2026-12-11,1643,20000,,
1523458,21,2026-12-12,1643,20000,,
1523458,21,2026-12-13,1643,20000,,
1523458,21,2026-12-14,1643,20000,,
1523458,21,2026-12-15,1643,20000,,
1523458,21,2026-12-16,1643,20000,,
1523458,22,2026-11-20,1643,20000,,
1523458,22,2026-11-21,1643,20000,,
1523458,22,2026-11-23,1643,20000,,
1523458,22,2026-11-24,1643,20000,,
1523458,22,2026-11-26,1643,20000,,
1523458,22,2026-11-27,1643,20000,,
1523458,22,2026-11-28,1643,20000,,
1523458,22,2026-11-29,1643,20000,,
1523458,22,2026-11-30,1643,20000,,
1523458,22,2026-12-01,1643,20000,,
1523458,22,2026-12-02,1643,20000,,
1523458,22,2026-12-03,1643,20000,,
1523458,22,2026-12-04,1643,20000,,
1523458,22,2026-12-05,1643,20000,,
1523458,22,2026-12-06,1643,20000,,
1523458,22,2026-12-07,1643,20000,,
1523458,22,2026-12-08,1643,20000,,
1523458,22,2026-12-09,1643,20000,,
1523458,22,2026-12-10,1643,20000,,
1523458,22,2026-12-11,1643,20000,,
1523458,22,2026-12-12,1643,20000,,
1523458,22,2026-12-13,1643,20000,,
1523458,22,2026-12-14,1643,20000,,
1523458,22,2026-12-15,1643,20000,,
1523458,22,2026-12-16,1643,20000,,
1523458,39,2026-11-20,1643,20000,,
1523458,39,2026-11-21,1643,20000,,
1523458,39,2026-11-23,1643,20000,,
1523458,39,2026-11-24,1643,20000,,
1523458,39,2026-11-26,1643,20000,,
1523458,39,2026-11-27,1643,20000,,
1523458,39,2026-11-28,1643,20000,,
1523458,39,2026-11-29,1643,20000,,
1523458,39,2026-11-30,1643,20000,,
1523458,39,2026-12-01,1643,20000,,
1523458,39,2026-12-02,1643,20000,,
1523458,39,2026-12-03,1643,20000,,
1523458,39,2026-12-04,1643,20000,,
1523458,39,2026-12-05,1643,20000,,
1523458,39,2026-12-06,1643,20000,,
1523458,39,2026-12-07,1643,20000,,
1523458,39,2026-12-08,1643,20000,,
1523458,39,2026-12-09,1643,20000,,
1523458,39,2026-12-10,1643,20000,,
1523458,39,2026-12-11,1643,20000,,
1523458,39,2026-12-12,1643,20000,,
1523458,39,2026-12-13,1643,20000,,
1523458,39,2026-12-14,1643,20000,,
1523458,39,2026-12-15,1643,20000,,
1523458,39,2026-12-16,1643,20000,,
1523458,83,2026-10-18,1643,20000,,
1523458,83,2026-10-21,1643,20000,,
1523458,83,2026-10-22,1643,20000,,
1523458,83,2026-10-23,1643,20000,,
1523458,83,2026-10-24,1643,20000,,
1523458,83,2026-10-25,1643,20000,,
1523458,83,2026-10-26,1643,20000,,
1523458,83,2026-10-27,1643,20000,,
1523458,83,2026-10-28,1643,20000,,
1523458,83,2026-10-29,1643,20000,,
1523458,83,2026-10-30,1643,20000,,
1523458,83,2026-10-31,1643,20000,,
1523458,83,2026-11-01,1643,20000,,
1523458,83,2026-11-17,1643,20000,,
1523458,83,2026-11-18,1643,20000,,
1523458,83,2026-11-19,1643,20000,,
1523458,83,2026-11-20,1643,20000,,
1523458,83,2026-11-21,1643,20000,,
1523458,83,2026-11-23,1643,20000,,
1523458,83,2026-11-24,1643,20000,,
1523458,83,2026-11-26,1643,20000,,
1523458,83,2026-11-27,1643,20000,,
1523458,83,2026-11-28,1643,20000,,
1523458,83,2026-11-29,1643,20000,,
1523458,83,2026-11-30,1643,20000,,
1523458,83,2026-12-01,1643,20000,,
1523458,83,2026-12-02,1643,20000,,
1523458,83,2026-12-03,1643,20000,,
1523458,83,2026-12-04,1643,20000,,
1523458,83,2026-12-05,1643,20000,,
1523458,83,2026-12-06,1643,20000,,
1523458,83,2026-12-07,1643,20000,,
1523458,83,2026-12-08,1643,20000,,
1523458,83,2026-12-09,1643,20000,,
1523458,83,2026-12-10,1643,20000,,
1523458,83,2026-12-11,1643,20000,,
1523458,83,2026-12-12,1643,20000,,
1523458,83,2026-12-13,1643,20000,,
1523458,83,2026-12-14,1643,20000,,
1523458,83,2026-12-15,1643,20000,,
1523458,83,2026-12-16,1643,20000,,
2031596,23,2026-10-01,1573,23600,,
2031596,24,2026-10-01,1573,23600,,
2031596,40,2026-10-01,1573,23600,,
2052429,17,2026-10-21,1643,20000,,
2052429,17,2026-10-22,1643,20000,,
2052429,17,2026-10-23,1643,20000,,
2052429,17,2026-10-24,1643,20000,,
2052429,17,2026-10-26,1643,20000,,
2052429,17,2026-10-27,1643,20000,,
2052429,17,2026-10-28,1643,20000,,
2052429,17,2026-10-29,1643,20000,,
2052429,17,2026-10-30,1643,20000,,
2052429,17,2026-10-31,1643,20000,,
2052429,17,2026-11-01,1643,20000,,
2052429,17,2026-11-17,1643,20000,,
2052429,17,2026-11-18,1643,20000,,
2052429,17,2026-11-19,1643,20000,,
2052429,17,2026-11-20,1643,20000,,
2052429,17,2026-11-21,1643,20000,,
2052429,17,2026-11-22,1643,20000,,
2052429,17,2026-11-23,1643,20000,,
2052429,17,2026-11-25,1643,20000,,
2052429,17,2026-11-26,1643,20000,,
2052429,17,2026-11-27,1643,20000,,
2052429,17,2026-11-28,1643,20000,,
2052429,17,2026-11-29,1643,20000,,
2052429,17,2026-12-03,1643,20000,,
2052429,17,2026-12-06,1643,20000,,
2052429,17,2026-12-07,1643,20000,,
2052429,17,2026-12-10,1643,20000,,
2052429,17,2026-12-11,1643,20000,,
2052429,17,2026-12-12,1643,20000,,
2052429,17,2026-12-13,1643,20000,,
2052429,17,2026-12-14,1643,20000,,
2052429,17,2026-12-15,1643,20000,,
2052429,17,2026-12-16,1643,20000,,
2052429,18,2026-10-21,1643,20000,,
2052429,18,2026-10-22,1643,20000,,
2052429,18,2026-10-23,1643,20000,,
2052429,18,2026-10-24,1643,20000,,
2052429,18,2026-10-26,1643,20000,,
2052429,18,2026-10-27,1643,20000,,
2052429,18,2026-10-28,1643,20000,,
2052429,18,2026-10-29,1643,20000,,
2052429,18,2026-10-30,1643,20000,,
2052429,18,2026-10-31,1643,20000,,
2052429,18,2026-11-01,1643,20000,,
2052429,18,2026-11-17,1643,20000,,
2052429,18,2026-11-18,1643,20000,,
2052429,18,2026-11-19,1643,20000,,
2052429,18,2026-11-20,1643,20000,,
2052429,18,2026-11-21,1643,20000,,
2052429,18,2026-11-22,1643,20000,,
2052429,18,2026-11-23,1643,20000,,
2052429,18,2026-11-25,1643,20000,,
2052429,18,2026-11-26,1643,20000,,
2052429,18,2026-11-27,1643,20000,,
2052429,18,2026-11-28,1643,20000,,
2052429,18,2026-11-29,1643,20000,,
2052429,18,2026-12-03,1643,20000,,
2052429,18,2026-12-06,1643,20000,,
2052429,18,2026-12-07,1643,20000,,
2052429,18,2026-12-10,1643,20000,,
2052429,18,2026-12-11,1643,20000,,
2052429,18,2026-12-12,1643,20000,,
2052429,18,2026-12-13,1643,20000,,
2052429,18,2026-12-14,1643,20000,,
2052429,18,2026-12-15,1643,20000,,
2052429,18,2026-12-16,1643,20000,,
2052429,50,2026-10-21,1643,20000,,
2052429,50,2026-10-22,1643,20000,,
2052429,50,2026-10-23,1643,20000,,
2052429,50,2026-10-24,1643,20000,,
2052429,50,2026-10-26,1643,20000,,
2052429,50,2026-10-27,1643,20000,,
2052429,50,2026-10-28,1643,20000,,
2052429,50,2026-10-29,1643,20000,,
2052429,50,2026-10-30,1643,20000,,
2052429,50,2026-10-31,1643,20000,,
2052429,50,2026-11-01,1643,20000,,
2052429,50,2026-11-17,1643,20000,,
2052429,50,2026-11-18,1643,20000,,
2052429,50,2026-11-19,1643,20000,,
2052429,50,2026-11-20,1643,20000,,
2052429,50,2026-11-21,1643,20000,,
2052429,50,2026-11-22,1643,20000,,
2052429,50,2026-11-23,1643,20000,,
2052429,50,2026-11-25,1643,20000,,
2052429,50,2026-11-26,1643,20000,,
2052429,50,2026-11-27,1643,20000,,
2052429,50,2026-11-28,1643,20000,,
2052429,50,2026-11-29,1643,20000,,
2052429,50,2026-12-03,1643,20000,,
2052429,50,2026-12-06,1643,20000,,
2052429,50,2026-12-07,1643,20000,,
2052429,50,2026-12-10,1643,20000,,
2052429,50,2026-12-11,1643,20000,,
2052429,50,2026-12-12,1643,20000,,
2052429,50,2026-12-13,1643,20000,,
2052429,50,2026-12-14,1643,20000,,
2052429,50,2026-12-15,1643,20000,,
2052429,50,2026-12-16,1643,20000,,
2052429,87,2026-10-21,1643,20000,,
2052429,87,2026-10-22,1643,20000,,
2052429,87,2026-10-23,1643,20000,,
2052429,87,2026-10-24,1643,20000,,
2052429,87,2026-10-26,1643,20000,,
2052429,87,2026-10-27,1643,20000,,
2052429,87,2026-10-28,1643,20000,,
2052429,87,2026-10-29,1643,20000,,
2052429,87,2026-10-30,1643,20000,,
2052429,87,2026-10-31,1643,20000,,
2052429,87,2026-11-01,1643,20000,,
2052429,87,2026-11-17,1643,20000,,
2052429,87,2026-11-18,1643,20000,,
2052429,87,2026-11-19,1643,20000,,
2052429,87,2026-11-20,1643,20000,,
2052429,87,2026-11-21,1643,20000,,
2052429,87,2026-11-22,1643,20000,,
2052429,87,2026-11-23,1643,20000,,
2052429,87,2026-11-25,1643,20000,,
2052429,87,2026-11-26,1643,20000,,
2052429,87,2026-11-27,1643,20000,,
2052429,87,2026-11-28,1643,20000,,
2052429,87,2026-11-29,1643,20000,,
2052429,87,2026-12-03,1643,20000,,
2052429,87,2026-12-06,1643,20000,,
2052429,87,2026-12-07,1643,20000,,
2052429,87,2026-12-10,1643,20000,,
2052429,87,2026-12-11,1643,20000,,
2052429,87,2026-12-12,1643,20000,,
2052429,87,2026-12-13,1643,20000,,
2052429,87,2026-12-14,1643,20000,,
2052429,87,2026-12-15,1643,20000,,
2052429,87,2026-12-16,1643,20000,,
0327829,21,2026-10-01,1214,23600,,
0327829,22,2026-10-01,1214,23600,,
0327829,39,2026-10-01,1214,23600,,
0327829,83,2026-10-01,1214,23600,,
1314078,17,2026-10-01,1714,23600,,
1314078,18,2026-10-01,1714,23600,,
1314078,19,2026-10-01,1817,23600,,
1314078,20,2026-10-01,1817,23600,,
1314078,50,2026-10-01,1714,23600,,
1353336,35,2026-11-02,2682,20000,,
1353336,35,2026-11-08,2682,20000,,
1353336,35,2026-11-10,2682,20000,,
1353336,35,2026-11-11,2682,20000,,
1353336,35,2026-11-12,2682,20000,,
1353336,35,2026-11-14,2682,20000,,
1353336,35,2026-11-15,2682,20000,,
1353336,35,2026-11-16,2682,20000,,
1353336,36,2026-11-02,2682,20000,,
1353336,36,2026-11-08,2682,20000,,
1353336,36,2026-11-10,2682,20000,,
1353336,36,2026-11-11,2682,20000,,
1353336,36,2026-11-12,2682,20000,,
1353336,36,2026-11-14,2682,20000,,
1353336,36,2026-11-15,2682,20000,,
1353336,36,2026-11-16,2682,20000,,
1442173,25,2026-09-19,1614,23600,,
1442173,25,2026-09-19,1614,23600,,
1442173,26,2026-09-19,1614,23600,,
1442173,26,2026-09-19,1614,23600,,
2031596,21,2026-10-01,1470,23600,,
2031596,22,2026-10-01,1470,23600,,
2031596,39,2026-10-01,1470,23600,,
2031596,83,2026-10-01,1470,23600,,
0327829,23,2026-10-01,1283,23600,,
0327829,24,2026-10-01,1283,23600,,
0327829,40,2026-10-01,1283,23600,,
1319620,35,2026-10-01,2316,23600,,
1319620,36,2026-10-01,2316,23600,,
1319620,37,2026-10-01,2316,23600,,
1442173,25,2026-09-18,1576,23600,,
1442173,25,2026-09-18,1576,23600,,
1442173,26,2026-09-18,1576,23600,,
1442173,26,2026-09-18,1576,23600,,
1465445,19,2026-09-18,1390,20000,,
1465445,20,2026-09-18,1390,20000,,
1465445,51,2026-09-18,1390,20000,,
0003211,25,2026-10-01,2128,23600,,
1353336,29,2026-11-02,2130,20000,,
1353336,29,2026-11-08,2130,20000,,
1353336,29,2026-11-10,2130,20000,,
1353336,29,2026-11-11,2130,20000,,
1353336,29,2026-11-12,2130,20000,,
1353336,29,2026-11-14,2130,20000,,
1353336,29,2026-11-15,2130,20000,,
1353336,29,2026-11-16,2130,20000,,
1353336,30,2026-11-02,2130,20000,,
1353336,30,2026-11-08,2130,20000,,
1353336,30,2026-11-10,2130,20000,,
1353336,30,2026-11-11,2130,20000,,
1353336,30,2026-11-12,2130,20000,,
1353336,30,2026-11-14,2130,20000,,
1353336,30,2026-11-15,2130,20000,,
1353336,30,2026-11-16,2130,20000,,
1353336,31,2026-11-02,2130,20000,,
1353336,31,2026-11-08,2130,20000,,
1353336,31,2026-11-10,2130,20000,,
1353336,31,2026-11-11,2130,20000,,
1353336,31,2026-11-12,2130,20000,,
1353336,31,2026-11-14,2130,20000,,
1353336,31,2026-11-15,2130,20000,,
1353336,31,2026-11-16,2130,20000,,
1353336,32,2026-11-02,2337,20000,,
1353336,32,2026-11-08,2337,20000,,
1353336,32,2026-11-10,2337,20000,,
1353336,32,2026-11-11,2337,20000,,
1353336,32,2026-11-12,2337,20000,,
1353336,32,2026-11-14,2337,20000,,
1353336,32,2026-11-15,2337,20000,,
1353336,32,2026-11-16,2337,20000,,
1353336,33,2026-11-02,2337,20000,,
1353336,33,2026-11-08,2337,20000,,
1353336,33,2026-11-10,2337,20000,,
1353336,33,2026-11-11,2337,20000,,
1353336,33,2026-11-12,2337,20000,,
1353336,33,2026-11-14,2337,20000,,
1353336,33,2026-11-15,2337,20000,,
1353336,33,2026-11-16,2337,20000,,
1353336,34,2026-11-02,2337,20000,,
1353336,34,2026-11-08,2337,20000,,
1353336,34,2026-11-10,2337,20000,,
1353336,34,2026-11-11,2337,20000,,
1353336,34,2026-11-12,2337,20000,,
1353336,34,2026-11-14,2337,20000,,
1353336,34,2026-11-15,2337,20000,,
1353336,34,2026-11-16,2337,20000,,
1353336,35,2026-11-03,2607,20000,,
1353336,35,2026-11-04,2607,20000,,
1353336,35,2026-11-05,2607,20000,,
1353336,35,2026-11-06,2607,20000,,
1353336,35,2026-11-07,2607,20000,,
1353336,35,2026-11-09,2608,20000,,
1353336,35,2026-11-13,2607,20000,,
1353336,36,2026-11-03,2607,20000,,
1353336,36,2026-11-04,2607,20000,,
1353336,36,2026-11-05,2607,20000,,
1353336,36,2026-11-06,2607,20000,,
1353336,36,2026-11-07,2607,20000,,
1353336,36,2026-11-09,2608,20000,,
1353336,36,2026-11-13,2607,20000,,
1353336,57,2026-11-02,2130,20000,,
1353336,57,2026-11-08,2130,20000,,
1353336,57,2026-11-10,2130,20000,,
1353336,57,2026-11-11,2130,20000,,
1353336,57,2026-11-12,2130,20000,,
1353336,57,2026-11-14,2130,20000,,
1353336,57,2026-11-15,2130,20000,,
1353336,57,2026-11-16,2130,20000,,
1465445,17,2026-09-18,1321,20000,,
1465445,18,2026-09-18,1321,20000,,
1465445,50,2026-09-18,1321,20000,,
1465445,87,2026-09-18,1321,20000,,
1365209,27,2026-10-01,2189,23600,,
1365209,28,2026-10-01,2189,23600,,
0003211,19,2026-10-01,1783,23600,,
0003211,20,2026-10-01,1783,23600,,
1319620,29,2026-10-01,1764,23600,,
1319620,30,2026-10-01,1764,23600,,
1319620,31,2026-10-01,1764,23600,,
1319620,32,2026-10-01,1971,23600,,
1319620,33,2026-10-01,1971,23600,,
1319620,34,2026-10-01,1971,23600,,
1319620,57,2026-10-01,1764,23600,,
1319620,58,2026-10-01,1971,23600,,
1319620,89,2026-10-01,1764,23600,,
1336968,17,2026-10-01,1823,20000,,
1336968,18,2026-10-01,1823,20000,,
1336968,19,2026-10-01,1823,20000,,
1336968,20,2026-10-01,1823,20000,,
1336968,50,2026-10-01,1823,20000,,
1344052,25,2026-10-01,1438,23600,,
1344052,26,2026-10-01,1438,23600,,
2031448,25,2026-10-01,1800,23600,,
2031448,26,2026-10-01,1800,23600,,
2031448,55,2026-10-01,1800,23600,,
0003211,17,2026-10-01,1714,23600,,
0003211,18,2026-10-01,1714,23600,,
0003211,50,2026-10-01,1714,23600,,
1353336,29,2026-11-03,2055,20000,,
1353336,29,2026-11-04,2055,20000,,
1353336,29,2026-11-05,2055,20000,,
1353336,29,2026-11-06,2055,20000,,
1353336,29,2026-11-07,2055,20000,,
1353336,29,2026-11-09,2056,20000,,
1353336,29,2026-11-13,2055,20000,,
1353336,30,2026-11-03,2055,20000,,
1353336,30,2026-11-04,2055,20000,,
1353336,30,2026-11-05,2055,20000,,
1353336,30,2026-11-06,2055,20000,,
1353336,30,2026-11-07,2055,20000,,
1353336,30,2026-11-09,2056,20000,,
1353336,30,2026-11-13,2055,20000,,
1353336,31,2026-11-03,2055,20000,,
1353336,31,2026-11-04,2055,20000,,
1353336,31,2026-11-05,2055,20000,,
1353336,31,2026-11-06,2055,20000,,
1353336,31,2026-11-07,2055,20000,,
1353336,31,2026-11-09,2056,20000,,
1353336,31,2026-11-13,2055,20000,,
1353336,32,2026-11-03,2262,20000,,
1353336,32,2026-11-04,2262,20000,,
1353336,32,2026-11-05,2262,20000,,
1353336,32,2026-11-06,2262,20000,,
1353336,32,2026-11-07,2262,20000,,
1353336,32,2026-11-09,2263,20000,,
1353336,32,2026-11-13,2262,20000,,
1353336,33,2026-11-03,2262,20000,,
1353336,33,2026-11-04,2262,20000,,
1353336,33,2026-11-05,2262,20000,,
1353336,33,2026-11-06,2262,20000,,
1353336,33,2026-11-07,2262,20000,,
1353336,33,2026-11-09,2263,20000,,
1353336,33,2026-11-13,2262,20000,,
1353336,34,2026-11-03,2262,20000,,
1353336,34,2026-11-04,2262,20000,,
1353336,34,2026-11-05,2262,20000,,
1353336,34,2026-11-06,2262,20000,,
1353336,34,2026-11-07,2262,20000,,
1353336,34,2026-11-09,2263,20000,,
1353336,34,2026-11-13,2262,20000,,
1353336,57,2026-11-03,2055,20000,,
1353336,57,2026-11-04,2055,20000,,
1353336,57,2026-11-05,2055,20000,,
1353336,57,2026-11-06,2055,20000,,
1353336,57,2026-11-07,2055,20000,,
1353336,57,2026-11-09,2056,20000,,
1353336,57,2026-11-13,2055,20000,,
1396947,35,2026-10-01,3893,23600,,
1396947,36,2026-10-01,3893,23600,,
1323805,45,2026-09-30,1567,23600,,
1323805,46,2026-09-30,1567,23600,,
1336968,27,2026-10-01,2375,20000,,
1336968,28,2026-10-01,2375,20000,,
1365209,23,2026-10-01,1844,23600,,
1365209,24,2026-10-01,1844,23600,,
1365209,40,2026-10-01,1844,23600,,
1396947,16,2026-10-01,2824,23600,,
1396947,27,2026-10-01,3410,23600,,
1396947,28,2026-10-01,3410,23600,,
1396947,32,2026-10-01,3548,23600,,
1396947,33,2026-10-01,3548,23600,,
1396947,34,2026-10-01,3548,23600,,
1396947,52,2026-10-01,2824,23600,,
1319620,21,2026-10-01,1488,23600,,
1319620,22,2026-10-01,1488,23600,,
1319620,39,2026-10-01,1488,23600,,
1336968,21,2026-10-01,2030,20000,,
1336968,22,2026-10-01,2030,20000,,
1336968,23,2026-10-01,2030,20000,,
1336968,24,2026-10-01,2030,20000,,
1336968,39,2026-10-01,2030,20000,,
1336968,40,2026-10-01,2030,20000,,
1336968,83,2026-10-01,2030,20000,,
1353336,27,2026-11-02,2406,20000,,
1353336,27,2026-11-08,2406,20000,,
1353336,27,2026-11-10,2406,20000,,
1353336,27,2026-11-11,2406,20000,,
1353336,27,2026-11-12,2406,20000,,
1353336,27,2026-11-14,2406,20000,,
1353336,27,2026-11-15,2406,20000,,
1353336,27,2026-11-16,2406,20000,,
1353336,28,2026-11-02,2406,20000,,
1353336,28,2026-11-08,2406,20000,,
1353336,28,2026-11-10,2406,20000,,
1353336,28,2026-11-11,2406,20000,,
1353336,28,2026-11-12,2406,20000,,
1353336,28,2026-11-14,2406,20000,,
1353336,28,2026-11-15,2406,20000,,
1353336,28,2026-11-16,2406,20000,,
1365209,21,2026-10-01,1758,23600,,
1365209,22,2026-10-01,1758,23600,,
1365209,39,2026-10-01,1758,23600,,
1365209,83,2026-10-01,1758,23600,,
1396947,15,2026-10-01,2651,23600,,
1396947,25,2026-10-01,3272,23600,,
1396947,26,2026-10-01,3272,23600,,
1396947,38,2026-10-01,2651,23600,,
1396947,76,2026-10-01,2651,23600,,
2085500,23,2026-10-18,2168,20000,,
2085500,23,2026-10-19,2168,20000,,
2085500,23,2026-10-20,2168,20000,,
2085500,23,2026-10-21,2168,20000,,
2085500,23,2026-10-22,2168,20000,,
2085500,23,2026-10-23,2168,20000,,
2085500,23,2026-10-24,2168,20000,,
2085500,23,2026-10-25,2168,20000,,
2085500,23,2026-10-26,2168,20000,,
2085500,23,2026-10-27,2168,20000,,
2085500,23,2026-10-28,2168,20000,,
2085500,23,2026-10-29,2168,20000,,
2085500,23,2026-10-30,2168,20000,,
2085500,23,2026-10-31,2168,20000,,
2085500,23,2026-11-01,2168,20000,,
2085500,23,2026-11-02,2168,20000,,
2085500,23,2026-11-03,2168,20000,,
2085500,23,2026-11-04,2168,20000,,
2085500,23,2026-11-05,2168,20000,,
2085500,23,2026-11-06,2168,20000,,
2085500,23,2026-11-07,2168,20000,,
2085500,23,2026-11-08,2168,20000,,
2085500,23,2026-11-09,2168,20000,,
2085500,23,2026-11-10,2168,20000,,
2085500,23,2026-11-11,2168,20000,,
2085500,23,2026-11-12,2168,20000,,
2085500,23,2026-11-13,2168,20000,,
2085500,23,2026-11-14,2168,20000,,
2085500,23,2026-11-15,2168,20000,,
2085500,23,2026-11-16,2168,20000,,
2085500,23,2026-11-17,2168,20000,,
2085500,23,2026-11-18,2168,20000,,
2085500,23,2026-11-19,2168,20000,,
2085500,23,2026-11-20,2168,20000,,
2085500,23,2026-11-21,2168,20000,,
2085500,23,2026-11-22,2168,20000,,
2085500,23,2026-11-23,2168,20000,,
2085500,23,2026-11-24,2168,20000,,
2085500,23,2026-11-25,2168,20000,,
2085500,23,2026-11-26,2168,20000,,
2085500,23,2026-11-27,2168,20000,,
2085500,23,2026-11-28,2168,20000,,
2085500,23,2026-11-29,2168,20000,,
2085500,23,2026-11-30,2168,20000,,
2085500,23,2026-12-01,2168,20000,,
2085500,23,2026-12-02,2168,20000,,
2085500,23,2026-12-03,2168,20000,,
2085500,23,2026-12-04,2168,20000,,
2085500,23,2026-12-05,2168,20000,,
2085500,23,2026-12-06,2168,20000,,
2085500,23,2026-12-07,2168,20000,,
2085500,23,2026-12-08,2168,20000,,
2085500,23,2026-12-09,2168,20000,,
2085500,23,2026-12-10,2168,20000,,
2085500,23,2026-12-11,2168,20000,,
2085500,23,2026-12-12,2168,20000,,
2085500,23,2026-12-13,2168,20000,,
2085500,23,2026-12-14,2168,20000,,
2085500,23,2026-12-15,2168,20000,,
2085500,23,2026-12-16,2168,20000,,
2085500,24,2026-10-18,2168,20000,,
2085500,24,2026-10-19,2168,20000,,
2085500,24,2026-10-20,2168,20000,,
2085500,24,2026-10-21,2168,20000,,
2085500,24,2026-10-22,2168,20000,,
2085500,24,2026-10-23,2168,20000,,
2085500,24,2026-10-24,2168,20000,,
2085500,24,2026-10-25,2168,20000,,
2085500,24,2026-10-26,2168,20000,,
2085500,24,2026-10-27,2168,20000,,
2085500,24,2026-10-28,2168,20000,,
2085500,24,2026-10-29,2168,20000,,
2085500,24,2026-10-30,2168,20000,,
2085500,24,2026-10-31,2168,20000,,
2085500,24,2026-11-01,2168,20000,,
2085500,24,2026-11-02,2168,20000,,
2085500,24,2026-11-03,2168,20000,,
2085500,24,2026-11-04,2168,20000,,
2085500,24,2026-11-05,2168,20000,,
2085500,24,2026-11-06,2168,20000,,
2085500,24,2026-11-07,2168,20000,,
2085500,24,2026-11-08,2168,20000,,
2085500,24,2026-11-09,2168,20000,,
2085500,24,2026-11-10,2168,20000,,
2085500,24,2026-11-11,2168,20000,,
2085500,24,2026-11-12,2168,20000,,
2085500,24,2026-11-13,2168,20000,,
2085500,24,2026-11-14,2168,20000,,
2085500,24,2026-11-15,2168,20000,,
2085500,24,2026-11-16,2168,20000,,
2085500,24,2026-11-17,2168,20000,,
2085500,24,2026-11-18,2168,20000,,
2085500,24,2026-11-19,2168,20000,,
2085500,24,2026-11-20,2168,20000,,
2085500,24,2026-11-21,2168,20000,,
2085500,24,2026-11-22,2168,20000,,
2085500,24,2026-11-23,2168,20000,,
2085500,24,2026-11-24,2168,20000,,
2085500,24,2026-11-25,2168,20000,,
2085500,24,2026-11-26,2168,20000,,
2085500,24,2026-11-27,2168,20000,,
2085500,24,2026-11-28,2168,20000,,
2085500,24,2026-11-29,2168,20000,,
2085500,24,2026-11-30,2168,20000,,
2085500,24,2026-12-01,2168,20000,,
2085500,24,2026-12-02,2168,20000,,
2085500,24,2026-12-03,2168,20000,,
2085500,24,2026-12-04,2168,20000,,
2085500,24,2026-12-05,2168,20000,,
2085500,24,2026-12-06,2168,20000,,
2085500,24,2026-12-07,2168,20000,,
2085500,24,2026-12-08,2168,20000,,
2085500,24,2026-12-09,2168,20000,,
2085500,24,2026-12-10,2168,20000,,
2085500,24,2026-12-11,2168,20000,,
2085500,24,2026-12-12,2168,20000,,
2085500,24,2026-12-13,2168,20000,,
2085500,24,2026-12-14,2168,20000,,
2085500,24,2026-12-15,2168,20000,,
2085500,24,2026-12-16,2168,20000,,
1314078,16,2026-10-01,1472,23600,,
1314078,52,2026-10-01,1472,23600,,
1365209,19,2026-10-01,1706,23600,,
1365209,20,2026-10-01,1706,23600,,
1396947,19,2026-10-01,3065,23600,,
1396947,20,2026-10-01,3065,23600,,
1396947,23,2026-10-01,3203,23600,,
1396947,24,2026-10-01,3203,23600,,
1396947,29,2026-10-01,3203,23600,,
1396947,30,2026-10-01,3203,23600,,
1396947,31,2026-10-01,3203,23600,,
1396947,40,2026-10-01,3203,23600,,
1396947,51,2026-10-01,3065,23600,,
1396947,57,2026-10-01,3203,23600,,
1314078,15,2026-10-01,1369,23600,,
1314078,38,2026-10-01,1369,23600,,
1314078,76,2026-10-01,1369,23600,,
1319620,17,2026-10-01,1350,23600,,
1319620,18,2026-10-01,1350,23600,,
1365209,17,2026-10-01,1620,23600,,
1365209,18,2026-10-01,1620,23600,,
1365209,50,2026-10-01,1620,23600,,
1396947,21,2026-10-01,2996,23600,,
1396947,22,2026-10-01,2996,23600,,
1396947,39,2026-10-01,2996,23600,,
1396947,83,2026-10-01,2996,23600,,
2085500,21,2026-10-18,2030,20000,,
2085500,21,2026-10-19,2030,20000,,
2085500,21,2026-10-20,2030,20000,,
2085500,21,2026-10-21,2030,20000,,
2085500,21,2026-10-22,2030,20000,,
2085500,21,2026-10-23,2030,20000,,
2085500,21,2026-10-24,2030,20000,,
2085500,21,2026-10-25,2030,20000,,
2085500,21,2026-10-26,2030,20000,,
2085500,21,2026-10-27,2030,20000,,
2085500,21,2026-10-28,2030,20000,,
2085500,21,2026-10-29,2030,20000,,
2085500,21,2026-10-30,2030,20000,,
2085500,21,2026-10-31,2030,20000,,
2085500,21,2026-11-01,2030,20000,,
2085500,21,2026-11-02,2030,20000,,
2085500,21,2026-11-03,2030,20000,,
2085500,21,2026-11-04,2030,20000,,
2085500,21,2026-11-05,2030,20000,,
2085500,21,2026-11-06,2030,20000,,
2085500,21,2026-11-07,2030,20000,,
2085500,21,2026-11-08,2030,20000,,
2085500,21,2026-11-09,2030,20000,,
2085500,21,2026-11-10,2030,20000,,
2085500,21,2026-11-11,2030,20000,,
2085500,21,2026-11-12,2030,20000,,
2085500,21,2026-11-13,2030,20000,,
2085500,21,2026-11-14,2030,20000,,
2085500,21,2026-11-15,2030,20000,,
2085500,21,2026-11-16,2030,20000,,
2085500,21,2026-11-17,2030,20000,,
2085500,21,2026-11-18,2030,20000,,
2085500,21,2026-11-19,2030,20000,,
2085500,21,2026-11-20,2030,20000,,
2085500,21,2026-11-21,2030,20000,,
2085500,21,2026-11-22,2030,20000,,
2085500,21,2026-11-23,2030,20000,,
2085500,21,2026-11-24,2030,20000,,
2085500,21,2026-11-25,2030,20000,,
2085500,21,2026-11-26,2030,20000,,
2085500,21,2026-11-27,2030,20000,,
2085500,21,2026-11-28,2030,20000,,
2085500,21,2026-11-29,2030,20000,,
2085500,21,2026-11-30,2030,20000,,
2085500,21,2026-12-01,2030,20000,,
2085500,21,2026-12-02,2030,20000,,
2085500,21,2026-12-03,2030,20000,,
2085500,21,2026-12-04,2030,20000,,
2085500,21,2026-12-05,2030,20000,,
2085500,21,2026-12-06,2030,20000,,
2085500,21,2026-12-07,2030,20000,,
2085500,21,2026-12-08,2030,20000,,
2085500,21,2026-12-09,2030,20000,,
2085500,21,2026-12-10,2030,20000,,
2085500,21,2026-12-11,2030,20000,,
2085500,21,2026-12-12,2030,20000,,
2085500,21,2026-12-13,2030,20000,,
2085500,21,2026-12-14,2030,20000,,
2085500,21,2026-12-15,2030,20000,,
2085500,21,2026-12-16,2030,20000,,
2085500,22,2026-10-18,2030,20000,,
2085500,22,2026-10-19,2030,20000,,
2085500,22,2026-10-20,2030,20000,,
2085500,22,2026-10-21,2030,20000,,
2085500,22,2026-10-22,2030,20000,,
2085500,22,2026-10-23,2030,20000,,
2085500,22,2026-10-24,2030,20000,,
2085500,22,2026-10-25,2030,20000,,
2085500,22,2026-10-26,2030,20000,,
2085500,22,2026-10-27,2030,20000,,
2085500,22,2026-10-28,2030,20000,,
2085500,22,2026-10-29,2030,20000,,
2085500,22,2026-10-30,2030,20000,,
2085500,22,2026-10-31,2030,20000,,
2085500,22,2026-11-01,2030,20000,,
2085500,22,2026-11-02,2030,20000,,
2085500,22,2026-11-03,2030,20000,,
2085500,22,2026-11-04,2030,20000,,
2085500,22,2026-11-05,2030,20000,,
2085500,22,2026-11-06,2030,20000,,
2085500,22,2026-11-07,2030,20000,,
2085500,22,2026-11-08,2030,20000,,
2085500,22,2026-11-09,2030,20000,,
2085500,22,2026-11-10,2030,20000,,
2085500,22,2026-11-11,2030,20000,,
2085500,22,2026-11-12,2030,20000,,
2085500,22,2026-11-13,2030,20000,,
2085500,22,2026-11-14,2030,20000,,
2085500,22,2026-11-15,2030,20000,,
2085500,22,2026-11-16,2030,20000,,
2085500,22,2026-11-17,2030,20000,,
2085500,22,2026-11-18,2030,20000,,
2085500,22,2026-11-19,2030,20000,,
2085500,22,2026-11-20,2030,20000,,
2085500,22,2026-11-21,2030,20000,,
2085500,22,2026-11-22,2030,20000,,
2085500,22,2026-11-23,2030,20000,,
2085500,22,2026-11-24,2030,20000,,
2085500,22,2026-11-25,2030,20000,,
2085500,22,2026-11-26,2030,20000,,
2085500,22,2026-11-27,2030,20000,,
2085500,22,2026-11-28,2030,20000,,
2085500,22,2026-11-29,2030,20000,,
2085500,22,2026-11-30,2030,20000,,
2085500,22,2026-12-01,2030,20000,,
2085500,22,2026-12-02,2030,20000,,
2085500,22,2026-12-03,2030,20000,,
2085500,22,2026-12-04,2030,20000,,
2085500,22,2026-12-05,2030,20000,,
2085500,22,2026-12-06,2030,20000,,
2085500,22,2026-12-07,2030,20000,,
2085500,22,2026-12-08,2030,20000,,
2085500,22,2026-12-09,2030,20000,,
2085500,22,2026-12-10,2030,20000,,
2085500,22,2026-12-11,2030,20000,,
2085500,22,2026-12-12,2030,20000,,
2085500,22,2026-12-13,2030,20000,,
2085500,22,2026-12-14,2030,20000,,
2085500,22,2026-12-15,2030,20000,,
2085500,22,2026-12-16,2030,20000,,
2085500,39,2026-10-18,2030,20000,,
2085500,39,2026-10-19,2030,20000,,
2085500,39,2026-10-20,2030,20000,,
2085500,39,2026-10-21,2030,20000,,
2085500,39,2026-10-22,2030,20000,,
2085500,39,2026-10-23,2030,20000,,
2085500,39,2026-10-24,2030,20000,,
2085500,39,2026-10-25,2030,20000,,
2085500,39,2026-10-26,2030,20000,,
2085500,39,2026-10-27,2030,20000,,
2085500,39,2026-10-28,2030,20000,,
2085500,39,2026-10-29,2030,20000,,
2085500,39,2026-10-30,2030,20000,,
2085500,39,2026-10-31,2030,20000,,
2085500,39,2026-11-01,2030,20000,,
2085500,39,2026-11-02,2030,20000,,
2085500,39,2026-11-03,2030,20000,,
2085500,39,2026-11-04,2030,20000,,
2085500,39,2026-11-05,2030,20000,,
2085500,39,2026-11-06,2030,20000,,
2085500,39,2026-11-07,2030,20000,,
2085500,39,2026-11-08,2030,20000,,
2085500,39,2026-11-09,2030,20000,,
2085500,39,2026-11-10,2030,20000,,
2085500,39,2026-11-11,2030,20000,,
2085500,39,2026-11-12,2030,20000,,
2085500,39,2026-11-13,2030,20000,,
2085500,39,2026-11-14,2030,20000,,
2085500,39,2026-11-15,2030,20000,,
2085500,39,2026-11-16,2030,20000,,
2085500,39,2026-11-17,2030,20000,,
2085500,39,2026-11-18,2030,20000,,
2085500,39,2026-11-19,2030,20000,,
2085500,39,2026-11-20,2030,20000,,
2085500,39,2026-11-21,2030,20000,,
2085500,39,2026-11-22,2030,20000,,
2085500,39,2026-11-23,2030,20000,,
2085500,39,2026-11-24,2030,20000,,
2085500,39,2026-11-25,2030,20000,,
2085500,39,2026-11-26,2030,20000,,
2085500,39,2026-11-27,2030,20000,,
2085500,39,2026-11-28,2030,20000,,
2085500,39,2026-11-29,2030,20000,,
2085500,39,2026-11-30,2030,20000,,
2085500,39,2026-12-01,2030,20000,,
2085500,39,2026-12-02,2030,20000,,
2085500,39,2026-12-03,2030,20000,,
2085500,39,2026-12-04,2030,20000,,
2085500,39,2026-12-05,2030,20000,,
2085500,39,2026-12-06,2030,20000,,
2085500,39,2026-12-07,2030,20000,,
2085500,39,2026-12-08,2030,20000,,
2085500,39,2026-12-09,2030,20000,,
2085500,39,2026-12-10,2030,20000,,
2085500,39,2026-12-11,2030,20000,,
2085500,39,2026-12-12,2030,20000,,
2085500,39,2026-12-13,2030,20000,,
2085500,39,2026-12-14,2030,20000,,
2085500,39,2026-12-15,2030,20000,,
2085500,39,2026-12-16,2030,20000,,
1314078,35,2026-09-20,3301,23600,,
1314078,36,2026-09-20,3301,23600,,
1319620,23,2026-10-01,1626,23600,,
1319620,24,2026-10-01,1626,23600,,
1353336,21,2026-11-02,1923,20000,,
1353336,21,2026-11-08,1923,20000,,
1353336,21,2026-11-10,1923,20000,,
1353336,21,2026-11-11,1923,20000,,
1353336,21,2026-11-12,1923,20000,,
1353336,21,2026-11-14,1923,20000,,
1353336,21,2026-11-15,1923,20000,,
1353336,21,2026-11-16,1923,20000,,
1353336,22,2026-11-02,1923,20000,,
1353336,22,2026-11-08,1923,20000,,
1353336,22,2026-11-10,1923,20000,,
1353336,22,2026-11-11,1923,20000,,
1353336,22,2026-11-12,1923,20000,,
1353336,22,2026-11-14,1923,20000,,
1353336,22,2026-11-15,1923,20000,,
1353336,22,2026-11-16,1923,20000,,
1353336,27,2026-11-03,2331,20000,,
1353336,27,2026-11-04,2331,20000,,
1353336,27,2026-11-05,2331,20000,,
1353336,27,2026-11-06,2331,20000,,
1353336,27,2026-11-07,2331,20000,,
1353336,27,2026-11-09,2332,20000,,
1353336,27,2026-11-13,2331,20000,,
1353336,28,2026-11-03,2331,20000,,
1353336,28,2026-11-04,2331,20000,,
1353336,28,2026-11-05,2331,20000,,
1353336,28,2026-11-06,2331,20000,,
1353336,28,2026-11-07,2331,20000,,
1353336,28,2026-11-09,2332,20000,,
1353336,28,2026-11-13,2331,20000,,
1353336,39,2026-11-02,1923,20000,,
1353336,39,2026-11-08,1923,20000,,
1353336,39,2026-11-10,1923,20000,,
1353336,39,2026-11-11,1923,20000,,
1353336,39,2026-11-12,1923,20000,,
1353336,39,2026-11-14,1923,20000,,
1353336,39,2026-11-15,1923,20000,,
1353336,39,2026-11-16,1923,20000,,
1353336,83,2026-11-02,1923,20000,,
1353336,83,2026-11-08,1923,20000,,
1353336,83,2026-11-10,1923,20000,,
1353336,83,2026-11-11,1923,20000,,
1353336,83,2026-11-12,1923,20000,,
1353336,83,2026-11-14,1923,20000,,
1353336,83,2026-11-15,1923,20000,,
1353336,83,2026-11-16,1923,20000,,
1396947,17,2026-10-01,2858,23600,,
1396947,18,2026-10-01,2858,23600,,
1396947,50,2026-10-01,2858,23600,,
1396947,87,2026-10-01,2858,23600,,
1353336,23,2026-11-02,2061,20000,,
1353336,23,2026-11-08,2061,20000,,
1353336,23,2026-11-10,2061,20000,,
1353336,23,2026-11-11,2061,20000,,
1353336,23,2026-11-12,2061,20000,,
1353336,23,2026-11-14,2061,20000,,
1353336,23,2026-11-15,2061,20000,,
1353336,23,2026-11-16,2061,20000,,
1353336,24,2026-11-02,2061,20000,,
1353336,24,2026-11-08,2061,20000,,
1353336,24,2026-11-10,2061,20000,,
1353336,24,2026-11-11,2061,20000,,
1353336,24,2026-11-12,2061,20000,,
1353336,24,2026-11-14,2061,20000,,
1353336,24,2026-11-15,2061,20000,,
1353336,24,2026-11-16,2061,20000,,
1353336,40,2026-11-02,2061,20000,,
1353336,40,2026-11-08,2061,20000,,
1353336,40,2026-11-10,2061,20000,,
1353336,40,2026-11-11,2061,20000,,
1353336,40,2026-11-12,2061,20000,,
1353336,40,2026-11-14,2061,20000,,
1353336,40,2026-11-15,2061,20000,,
1353336,40,2026-11-16,2061,20000,,
1319620,19,2026-10-01,1454,23600,,
1353336,17,2026-11-02,1716,20000,,
1353336,17,2026-11-08,1716,20000,,
1353336,17,2026-11-10,1716,20000,,
1353336,17,2026-11-11,1716,20000,,
1353336,17,2026-11-12,1716,20000,,
1353336,17,2026-11-14,1716,20000,,
1353336,17,2026-11-15,1716,20000,,
1353336,17,2026-11-16,1716,20000,,
1353336,18,2026-11-02,1716,20000,,
1353336,18,2026-11-08,1716,20000,,
1353336,18,2026-11-10,1716,20000,,
1353336,18,2026-11-11,1716,20000,,
1353336,18,2026-11-12,1716,20000,,
1353336,18,2026-11-14,1716,20000,,
1353336,18,2026-11-15,1716,20000,,
1353336,18,2026-11-16,1716,20000,,
1353336,50,2026-11-02,1716,20000,,
1353336,50,2026-11-08,1716,20000,,
1353336,50,2026-11-10,1716,20000,,
1353336,50,2026-11-11,1716,20000,,
1353336,50,2026-11-12,1716,20000,,
1353336,50,2026-11-14,1716,20000,,
1353336,50,2026-11-15,1716,20000,,
1353336,50,2026-11-16,1716,20000,,
1353336,87,2026-11-02,1716,20000,,
1353336,87,2026-11-08,1716,20000,,
1353336,87,2026-11-10,1716,20000,,
1353336,87,2026-11-11,1716,20000,,
1353336,87,2026-11-12,1716,20000,,
1353336,87,2026-11-14,1716,20000,,
1353336,87,2026-11-15,1716,20000,,
1353336,87,2026-11-16,1716,20000,,
1314078,32,2026-09-20,2887,23600,,
1314078,33,2026-09-20,2887,23600,,
1314078,34,2026-09-20,2887,23600,,
1353336,21,2026-11-03,1848,20000,,
1353336,21,2026-11-04,1848,20000,,
1353336,21,2026-11-05,1848,20000,,
1353336,21,2026-11-06,1848,20000,,
1353336,21,2026-11-07,1848,20000,,
1353336,21,2026-11-09,1849,20000,,
1353336,21,2026-11-13,1848,20000,,
1353336,22,2026-11-03,1848,20000,,
1353336,22,2026-11-04,1848,20000,,
1353336,22,2026-11-05,1848,20000,,
1353336,22,2026-11-06,1848,20000,,
1353336,22,2026-11-07,1848,20000,,
1353336,22,2026-11-09,1849,20000,,
1353336,22,2026-11-13,1848,20000,,
1353336,39,2026-11-03,1848,20000,,
1353336,39,2026-11-04,1848,20000,,
1353336,39,2026-11-05,1848,20000,,
1353336,39,2026-11-06,1848,20000,,
1353336,39,2026-11-07,1848,20000,,
1353336,39,2026-11-09,1849,20000,,
1353336,39,2026-11-13,1848,20000,,
1353336,83,2026-11-03,1848,20000,,
1353336,83,2026-11-04,1848,20000,,
1353336,83,2026-11-05,1848,20000,,
1353336,83,2026-11-06,1848,20000,,
1353336,83,2026-11-07,1848,20000,,
1353336,83,2026-11-09,1849,20000,,
1353336,83,2026-11-13,1848,20000,,
1314078,29,2026-09-20,2749,23600,,
1314078,30,2026-09-20,2749,23600,,
1314078,31,2026-09-20,2749,23600,,
1314078,57,2026-09-20,2749,23600,,
1314078,27,2026-09-20,2611,23600,,
1314078,28,2026-09-20,2611,23600,,
1323805,45,2026-10-01,1570,23600,,
1323805,46,2026-10-01,1570,23600,,
1353336,23,2026-11-03,1986,20000,,
1353336,23,2026-11-04,1986,20000,,
1353336,23,2026-11-05,1986,20000,,
1353336,23,2026-11-06,1986,20000,,
1353336,23,2026-11-07,1986,20000,,
1353336,23,2026-11-09,1987,20000,,
1353336,23,2026-11-13,1986,20000,,
1353336,24,2026-11-03,1986,20000,,
1353336,24,2026-11-04,1986,20000,,
1353336,24,2026-11-05,1986,20000,,
1353336,24,2026-11-06,1986,20000,,
1353336,24,2026-11-07,1986,20000,,
1353336,24,2026-11-09,1987,20000,,
1353336,24,2026-11-13,1986,20000,,
1353336,40,2026-11-03,1986,20000,,
1353336,40,2026-11-04,1986,20000,,
1353336,40,2026-11-05,1986,20000,,
1353336,40,2026-11-06,1986,20000,,
1353336,40,2026-11-07,1986,20000,,
1353336,40,2026-11-09,1987,20000,,
1353336,40,2026-11-13,1986,20000,,
1336968,25,2026-10-01,1823,20000,,
1336968,26,2026-10-01,1823,20000,,
1353336,25,2026-11-02,2164,20000,,
1353336,25,2026-11-08,2164,20000,,
1353336,25,2026-11-10,2164,20000,,
1353336,25,2026-11-11,2164,20000,,
1353336,25,2026-11-12,2164,20000,,
1353336,25,2026-11-14,2164,20000,,
1353336,25,2026-11-15,2164,20000,,
1353336,25,2026-11-16,2164,20000,,
1353336,26,2026-11-02,2164,20000,,
1353336,26,2026-11-08,2164,20000,,
1353336,26,2026-11-10,2164,20000,,
1353336,26,2026-11-11,2164,20000,,
1353336,26,2026-11-12,2164,20000,,
1353336,26,2026-11-14,2164,20000,,
1353336,26,2026-11-15,2164,20000,,
1353336,26,2026-11-16,2164,20000,,
1353336,17,2026-11-03,1641,20000,,
1353336,17,2026-11-04,1641,20000,,
1353336,17,2026-11-05,1641,20000,,
1353336,17,2026-11-06,1641,20000,,
1353336,17,2026-11-07,1641,20000,,
1353336,17,2026-11-09,1642,20000,,
1353336,17,2026-11-13,1641,20000,,
1353336,18,2026-11-03,1641,20000,,
1353336,18,2026-11-04,1641,20000,,
1353336,18,2026-11-05,1641,20000,,
1353336,18,2026-11-06,1641,20000,,
1353336,18,2026-11-07,1641,20000,,
1353336,18,2026-11-09,1642,20000,,
1353336,18,2026-11-13,1641,20000,,
1353336,50,2026-11-03,1641,20000,,
1353336,50,2026-11-04,1641,20000,,
1353336,50,2026-11-05,1641,20000,,
1353336,50,2026-11-06,1641,20000,,
1353336,50,2026-11-07,1641,20000,,
1353336,50,2026-11-09,1642,20000,,
1353336,50,2026-11-13,1641,20000,,
1353336,87,2026-11-03,1641,20000,,
1353336,87,2026-11-04,1641,20000,,
1353336,87,2026-11-05,1641,20000,,
1353336,87,2026-11-06,1641,20000,,
1353336,87,2026-11-07,1641,20000,,
1353336,87,2026-11-09,1642,20000,,
1353336,87,2026-11-13,1641,20000,,
1353336,25,2026-11-09,2091,20000,,
1353336,26,2026-11-09,2091,20000,,
1353336,25,2026-11-03,2089,20000,,
1353336,25,2026-11-04,2089,20000,,
1353336,25,2026-11-05,2089,20000,,
1353336,25,2026-11-06,2089,20000,,
1353336,25,2026-11-07,2089,20000,,
1353336,25,2026-11-13,2089,20000,,
1353336,26,2026-11-03,2089,20000,,
1353336,26,2026-11-04,2089,20000,,
1353336,26,2026-11-05,2089,20000,,
1353336,26,2026-11-06,2089,20000,,
1353336,26,2026-11-07,2089,20000,,
1353336,26,2026-11-13,2089,20000,,
1314078,23,2026-09-20,2197,23600,,
1314078,24,2026-09-20,2197,23600,,
1314078,40,2026-09-20,2197,23600,,
1353336,19,2026-11-02,1819,20000,,
1353336,19,2026-11-08,1819,20000,,
1353336,19,2026-11-10,1819,20000,,
1353336,19,2026-11-11,1819,20000,,
1353336,19,2026-11-12,1819,20000,,
1353336,19,2026-11-14,1819,20000,,
1353336,19,2026-11-15,1819,20000,,
1353336,19,2026-11-16,1819,20000,,
1353336,20,2026-11-02,1819,20000,,
1353336,20,2026-11-08,1819,20000,,
1353336,20,2026-11-10,1819,20000,,
1353336,20,2026-11-11,1819,20000,,
1353336,20,2026-11-12,1819,20000,,
1353336,20,2026-11-14,1819,20000,,
1353336,20,2026-11-15,1819,20000,,
1353336,20,2026-11-16,1819,20000,,
1353336,51,2026-11-02,1819,20000,,
1353336,51,2026-11-08,1819,20000,,
1353336,51,2026-11-10,1819,20000,,
1353336,51,2026-11-11,1819,20000,,
1353336,51,2026-11-12,1819,20000,,
1353336,51,2026-11-14,1819,20000,,
1353336,51,2026-11-15,1819,20000,,
1353336,51,2026-11-16,1819,20000,,
1314078,21,2026-09-20,2059,23600,,
1314078,22,2026-09-20,2059,23600,,
1314078,39,2026-09-20,2059,23600,,
1314078,83,2026-09-20,2059,23600,,
1353336,19,2026-11-03,1744,20000,,
1353336,19,2026-11-04,1744,20000,,
1353336,19,2026-11-05,1744,20000,,
1353336,19,2026-11-06,1744,20000,,
1353336,19,2026-11-07,1744,20000,,
1353336,19,2026-11-09,1746,20000,,
1353336,19,2026-11-13,1744,20000,,
1353336,20,2026-11-03,1744,20000,,
1353336,20,2026-11-04,1744,20000,,
1353336,20,2026-11-05,1744,20000,,
1353336,20,2026-11-06,1744,20000,,
1353336,20,2026-11-07,1744,20000,,
1353336,20,2026-11-09,1746,20000,,
1353336,20,2026-11-13,1744,20000,,
1353336,51,2026-11-03,1744,20000,,
1353336,51,2026-11-04,1744,20000,,
1353336,51,2026-11-05,1744,20000,,
1353336,51,2026-11-06,1744,20000,,
1353336,51,2026-11-07,1744,20000,,
1353336,51,2026-11-09,1746,20000,,
1353336,51,2026-11-13,1744,20000,,
1314078,19,2026-09-20,1817,23600,,
1314078,20,2026-09-20,1817,23600,,
1398875,27,2026-10-01,2868,23600,,
1398875,28,2026-10-01,2868,23600,,
1314078,17,2026-09-20,1714,23600,,
1314078,18,2026-09-20,1714,23600,,
1314078,50,2026-09-20,1714,23600,,
1398875,23,2026-10-01,2523,23600,,
1398875,24,2026-10-01,2523,23600,,
1398875,40,2026-10-01,2523,23600,,
1314078,16,2026-09-20,1472,23600,,
1314078,52,2026-09-20,1472,23600,,
1398875,21,2026-10-01,2316,23600,,
1398875,22,2026-10-01,2316,23600,,
1398875,39,2026-10-01,2316,23600,,
1398875,83,2026-10-01,2316,23600,,
1398875,19,2026-10-01,2247,23600,,
1398875,20,2026-10-01,2247,23600,,
1314078,15,2026-09-20,1369,23600,,
1314078,38,2026-09-20,1369,23600,,
1314078,76,2026-09-20,1369,23600,,
1398875,17,2026-10-01,2040,23600,,
1398875,18,2026-10-01,2040,23600,,
1398875,50,2026-10-01,2040,23600,,
