"property_code","sku_code","date","min_price","max_price"
"'0015738","27","2026-08-26","2035","23600"
"'0015738","28","2026-08-26","2035","23600"
"'0018651","25","2026-08-26","3696","23600"
"'0018651","26","2026-08-26","3696","23600"
"'0045959","17","2026-08-26","1594","23600"
"'0045959","18","2026-08-26","1594","23600"
"'0045959","19","2026-08-26","1698","23600"
"'0045959","20","2026-08-26","1698","23600"
"'0045959","23","2026-08-26","1939","20000"
"'0045959","24","2026-08-26","1939","20000"
"'0045959","50","2026-08-26","1594","23600"
"'0045959","51","2026-08-26","1698","23600"
"'0045959","87","2026-08-26","1594","23600"
"'0050525","17","2026-08-26","2177","23600"
"'0050525","18","2026-08-26","2177","23600"
"'0050525","19","2026-08-26","2315","23600"
"'0050525","20","2026-08-26","2315","23600"
"'0050525","50","2026-08-26","2177","23600"
"'0050525","51","2026-08-26","2315","23600"
"'0050525","87","2026-08-26","2177","23600"
